pc:exists:nlinq	1	4.05	CommandLine.dll	true	5000	0.0027	0.0025	0.0043	4370
pc:exists:nlinq	1	4.05	Humanizer.dll	true	5000	0.0017	0.0016	0.0019	4370
pc:exists:nlinq	1	4.05	Mono.Cecil.dll	true	5000	0.0017	0.0016	0.0018	4370
pc:exists:nlinq	1	4.05	Newtonsoft.Json.dll	true	5000	0.0017	0.0016	0.0017	4370
pc:exists:nlinq	1	4.05	System.Text.Json.dll	true	5000	0.0017	0.0016	0.0017	4370
pc:exists:nlinq	1	4.05	NuGet.Packaging.dll	true	5000	0.0022	0.0021	0.0022	4370
pc:exists:nlinq	1	4.05	Microsoft.CodeAnalysis.CSharp.dll	true	5000	0.0018	0.0017	0.0023	4370
pc:exists:nlinq	1	4.05	System.Private.CoreLib.dll	true	5000	0.0024	0.0023	0.0026	4370
pc:exists:after	1	4.05	CommandLine.dll	true	5000	0.0019	0.0018	0.0037	5026
pc:exists:after	1	4.05	Humanizer.dll	true	5000	0.0018	0.0017	0.0020	5026
pc:exists:after	1	4.05	Mono.Cecil.dll	true	5000	0.0018	0.0017	0.0018	5026
pc:exists:after	1	4.05	Newtonsoft.Json.dll	true	5000	0.0018	0.0017	0.0019	5026
pc:exists:after	1	4.05	System.Text.Json.dll	true	5000	0.0018	0.0017	0.0021	5026
pc:exists:after	1	4.05	NuGet.Packaging.dll	true	5000	0.0018	0.0018	0.0019	5026
pc:exists:after	1	4.05	Microsoft.CodeAnalysis.CSharp.dll	true	5000	0.0018	0.0017	0.0019	5026
pc:exists:after	1	4.05	System.Private.CoreLib.dll	true	5000	0.0024	0.0022	0.0026	5026
pc:count:before	1	4.05	CommandLine.dll	c=403	5000	0.1503	0.1491	0.1538	620858
pc:count:before	1	4.05	Humanizer.dll	c=735	5000	0.1341	0.1329	0.1373	584090
pc:count:before	1	4.05	Mono.Cecil.dll	c=992	5000	0.2206	0.2174	0.2357	830530
pc:count:before	1	4.05	Newtonsoft.Json.dll	c=1509	5000	0.3473	0.3445	0.3588	1352666
pc:count:before	1	4.05	System.Text.Json.dll	c=1337	5000	0.3282	0.3254	0.3392	1389986
pc:count:before	1	4.05	NuGet.Packaging.dll	c=999	5000	0.2565	0.2546	0.2652	994666
pc:count:before	1	4.05	Microsoft.CodeAnalysis.CSharp.dll	c=13161	214	8.0742	6.8144	13.8128	16475594
pc:count:before	1	4.05	System.Private.CoreLib.dll	c=22475	133	15.9860	10.1173	19.9393	26121264
pc:count:nlinq	1	3.58	CommandLine.dll	c=403	5000	0.0177	0.0170	0.0191	4362
pc:count:nlinq	1	3.58	Humanizer.dll	c=735	5000	0.0230	0.0228	0.0233	4362
pc:count:nlinq	1	3.58	Mono.Cecil.dll	c=992	5000	0.0431	0.0429	0.0438	4362
pc:count:nlinq	1	3.58	Newtonsoft.Json.dll	c=1509	5000	0.0541	0.0539	0.0551	4362
pc:count:nlinq	1	3.58	System.Text.Json.dll	c=1337	5000	0.0468	0.0467	0.0476	4362
pc:count:nlinq	1	3.58	NuGet.Packaging.dll	c=999	5000	0.0435	0.0431	0.0445	4362
pc:count:nlinq	1	3.58	Microsoft.CodeAnalysis.CSharp.dll	c=13161	4075	0.4879	0.4852	0.4955	4352
pc:count:nlinq	1	3.58	System.Private.CoreLib.dll	c=22475	3630	0.5495	0.5479	0.5554	4354
pc:count:after	1	3.54	CommandLine.dll	c=403	5000	0.0139	0.0132	0.0159	5018
pc:count:after	1	3.54	Humanizer.dll	c=735	5000	0.0227	0.0225	0.0230	5018
pc:count:after	1	3.54	Mono.Cecil.dll	c=992	5000	0.0407	0.0405	0.0409	5018
pc:count:after	1	3.54	Newtonsoft.Json.dll	c=1509	5000	0.0503	0.0501	0.0506	5018
pc:count:after	1	3.54	System.Text.Json.dll	c=1337	5000	0.0448	0.0446	0.0452	5018
pc:count:after	1	3.54	NuGet.Packaging.dll	c=999	5000	0.0389	0.0387	0.0392	5018
pc:count:after	1	3.54	Microsoft.CodeAnalysis.CSharp.dll	c=13161	4078	0.4861	0.4844	0.4905	5008
pc:count:after	1	3.54	System.Private.CoreLib.dll	c=22475	3648	0.5478	0.5463	0.5494	5010
pc:head:before	1	3.33	CommandLine.dll	n=6;h=38398B5E	5000	0.1458	0.1440	0.1564	621146
pc:head:before	1	3.33	Humanizer.dll	n=6;h=D93A2D05	5000	0.1345	0.1320	0.1399	584378
pc:head:before	1	3.33	Mono.Cecil.dll	n=6;h=EAFAA362	5000	0.2195	0.2177	0.2243	830818
pc:head:before	1	3.33	Newtonsoft.Json.dll	n=6;h=A4332D4B	5000	0.3473	0.3433	0.3566	1352954
pc:head:before	1	3.33	System.Text.Json.dll	n=6;h=7C8B77FF	5000	0.3283	0.3250	0.3463	1390274
pc:head:before	1	3.33	NuGet.Packaging.dll	n=6;h=10648FC9	5000	0.2583	0.2549	0.2641	994954
pc:head:before	1	3.33	Microsoft.CodeAnalysis.CSharp.dll	n=6;h=83A9E69E	215	8.1772	6.6902	13.7167	16475872
pc:head:before	1	3.33	System.Private.CoreLib.dll	n=6;h=8CF51FF1	136	15.6671	9.9095	19.6786	26121590
pc:head:nlinq	1	2.82	CommandLine.dll	n=6;h=38398B5E	5000	0.0045	0.0043	0.0066	10274
pc:head:nlinq	1	2.82	Humanizer.dll	n=6;h=D93A2D05	5000	0.0025	0.0025	0.0027	8274
pc:head:nlinq	1	2.82	Mono.Cecil.dll	n=6;h=EAFAA362	5000	0.0025	0.0025	0.0026	8042
pc:head:nlinq	1	2.82	Newtonsoft.Json.dll	n=6;h=A4332D4B	5000	0.0024	0.0024	0.0025	7986
pc:head:nlinq	1	2.82	System.Text.Json.dll	n=6;h=7C8B77FF	5000	0.0047	0.0047	0.0047	8474
pc:head:nlinq	1	2.82	NuGet.Packaging.dll	n=6;h=10648FC9	5000	0.0038	0.0037	0.0039	11026
pc:head:nlinq	1	2.82	Microsoft.CodeAnalysis.CSharp.dll	n=6;h=83A9E69E	5000	0.0026	0.0024	0.0030	7578
pc:head:nlinq	1	2.82	System.Private.CoreLib.dll	n=6;h=8CF51FF1	5000	0.0056	0.0053	0.0057	7346
pc:head:after	1	2.82	CommandLine.dll	n=6;h=38398B5E	5000	0.0035	0.0034	0.0055	10338
pc:head:after	1	2.82	Humanizer.dll	n=6;h=D93A2D05	5000	0.0026	0.0025	0.0029	8338
pc:head:after	1	2.82	Mono.Cecil.dll	n=6;h=EAFAA362	5000	0.0026	0.0026	0.0027	8106
pc:head:after	1	2.82	Newtonsoft.Json.dll	n=6;h=A4332D4B	5000	0.0025	0.0025	0.0025	8050
pc:head:after	1	2.82	System.Text.Json.dll	n=6;h=7C8B77FF	5000	0.0039	0.0039	0.0040	8538
pc:head:after	1	2.82	NuGet.Packaging.dll	n=6;h=10648FC9	5000	0.0032	0.0031	0.0033	11090
pc:head:after	1	2.82	Microsoft.CodeAnalysis.CSharp.dll	n=6;h=83A9E69E	5000	0.0025	0.0024	0.0029	7642
pc:head:after	1	2.82	System.Private.CoreLib.dll	n=6;h=8CF51FF1	5000	0.0044	0.0043	0.0046	7410
pc:tail:before	1	2.82	CommandLine.dll	n=6;h=2C0D37C1	5000	0.1442	0.1432	0.1473	621418
pc:tail:before	1	2.82	Humanizer.dll	n=6;h=91D17220	5000	0.1324	0.1315	0.1348	584650
pc:tail:before	1	2.82	Mono.Cecil.dll	n=6;h=3891C1A0	5000	0.2197	0.2174	0.2246	831090
pc:tail:before	1	2.82	Newtonsoft.Json.dll	n=6;h=7111BB62	5000	0.3467	0.3432	0.3664	1353226
pc:tail:before	1	2.82	System.Text.Json.dll	n=6;h=51F1B225	5000	0.3254	0.3225	0.3358	1390546
pc:tail:before	1	2.82	NuGet.Packaging.dll	n=6;h=233EB48F	5000	0.2555	0.2531	0.2621	995226
pc:tail:before	1	2.82	Microsoft.CodeAnalysis.CSharp.dll	n=6;h=DBA5688B	212	8.4414	6.8953	13.8379	16476143
pc:tail:before	1	2.82	System.Private.CoreLib.dll	n=6;h=BC20A3BD	137	15.8401	9.6857	19.4708	26121733
pc:tail:nlinq	1	2.54	CommandLine.dll	n=6;h=2C0D37C1	5000	0.0284	0.0282	0.0306	10122
pc:tail:nlinq	1	2.54	Humanizer.dll	n=6;h=91D17220	5000	0.0345	0.0343	0.0349	6810
pc:tail:nlinq	1	2.54	Mono.Cecil.dll	n=6;h=3891C1A0	5000	0.0655	0.0653	0.0662	8978
pc:tail:nlinq	1	2.54	Newtonsoft.Json.dll	n=6;h=7111BB62	5000	0.0851	0.0849	0.0861	9506
pc:tail:nlinq	1	2.54	System.Text.Json.dll	n=6;h=51F1B225	5000	0.0746	0.0740	0.0758	10266
pc:tail:nlinq	1	2.54	NuGet.Packaging.dll	n=6;h=233EB48F	5000	0.0694	0.0692	0.0702	6394
pc:tail:nlinq	1	2.54	Microsoft.CodeAnalysis.CSharp.dll	n=6;h=DBA5688B	2587	0.7721	0.7699	0.7776	9145
pc:tail:nlinq	1	2.54	System.Private.CoreLib.dll	n=6;h=BC20A3BD	2359	0.8471	0.8307	0.8575	9283
pc:tail:after	1	2.49	CommandLine.dll	n=6;h=2C0D37C1	5000	0.0130	0.0123	0.0154	9874
pc:tail:after	1	2.49	Humanizer.dll	n=6;h=91D17220	5000	0.0190	0.0186	0.0198	6562
pc:tail:after	1	2.49	Mono.Cecil.dll	n=6;h=3891C1A0	5000	0.0325	0.0323	0.0328	8730
pc:tail:after	1	2.49	Newtonsoft.Json.dll	n=6;h=7111BB62	5000	0.0405	0.0403	0.0415	9258
pc:tail:after	1	2.49	System.Text.Json.dll	n=6;h=51F1B225	5000	0.0337	0.0335	0.0342	10018
pc:tail:after	1	2.49	NuGet.Packaging.dll	n=6;h=233EB48F	5000	0.0303	0.0301	0.0306	6146
pc:tail:after	1	2.49	Microsoft.CodeAnalysis.CSharp.dll	n=6;h=DBA5688B	5000	0.3494	0.3462	0.3545	8898
pc:tail:after	1	2.49	System.Private.CoreLib.dll	n=6;h=BC20A3BD	4550	0.4385	0.4369	0.4414	9036
pc:rows:before	1	2.37	CommandLine.dll	n=403;h=0DAD55A3	5000	0.1433	0.1423	0.1459	620858
pc:rows:before	1	2.37	Humanizer.dll	n=735;h=ABE64147	5000	0.1335	0.1324	0.1390	584090
pc:rows:before	1	2.37	Mono.Cecil.dll	n=992;h=D45F7327	5000	0.2223	0.2202	0.2270	830530
pc:rows:before	1	2.37	Newtonsoft.Json.dll	n=1509;h=30587641	5000	0.3505	0.3476	0.3593	1352666
pc:rows:before	1	2.37	System.Text.Json.dll	n=1337;h=15AB9B20	5000	0.3296	0.3268	0.3404	1389986
pc:rows:before	1	2.37	NuGet.Packaging.dll	n=999;h=910CC3CB	5000	0.2568	0.2521	0.2738	994666
pc:rows:before	1	2.37	Microsoft.CodeAnalysis.CSharp.dll	n=13161;h=20D748F8	219	7.8430	6.7367	13.5383	16475594
pc:rows:before	1	2.37	System.Private.CoreLib.dll	n=22475;h=21372B1F	137	15.7200	9.8636	19.2862	26121120
pc:rows:nlinq	1	2.16	CommandLine.dll	n=403;h=0DAD55A3	5000	0.1616	0.1604	0.1649	611426
pc:rows:nlinq	1	2.16	Humanizer.dll	n=735;h=ABE64147	5000	0.1503	0.1492	0.1535	566690
pc:rows:nlinq	1	2.16	Mono.Cecil.dll	n=992;h=D45F7327	5000	0.2543	0.2525	0.2588	806962
pc:rows:nlinq	1	2.16	Newtonsoft.Json.dll	n=1509;h=30587641	4983	0.3893	0.3845	0.4005	1316690
pc:rows:nlinq	1	2.16	System.Text.Json.dll	n=1337;h=15AB9B20	5000	0.3649	0.3601	0.3974	1358138
pc:rows:nlinq	1	2.16	NuGet.Packaging.dll	n=999;h=910CC3CB	5000	0.2970	0.2946	0.3033	970930
pc:rows:nlinq	1	2.16	Microsoft.CodeAnalysis.CSharp.dll	n=13161;h=20D748F8	215	8.3701	7.0300	13.2859	16159958
pc:rows:nlinq	1	2.16	System.Private.CoreLib.dll	n=22475;h=21372B1F	139	15.5135	9.9200	18.9467	25581943
pc:rows:after	1	1.90	CommandLine.dll	n=403;h=0DAD55A3	5000	0.1571	0.1559	0.1604	621730
pc:rows:after	1	1.90	Humanizer.dll	n=735;h=ABE64147	5000	0.1542	0.1533	0.1566	584962
pc:rows:after	1	1.90	Mono.Cecil.dll	n=992;h=D45F7327	5000	0.2649	0.2620	0.2773	831402
pc:rows:after	1	1.90	Newtonsoft.Json.dll	n=1509;h=30587641	4872	0.3950	0.3921	0.4180	1353538
pc:rows:after	1	1.90	System.Text.Json.dll	n=1337;h=15AB9B20	5000	0.3714	0.3681	0.3962	1390858
pc:rows:after	1	1.90	NuGet.Packaging.dll	n=999;h=910CC3CB	5000	0.2927	0.2899	0.2995	995538
pc:rows:after	1	1.90	Microsoft.CodeAnalysis.CSharp.dll	n=13161;h=20D748F8	203	8.7223	7.3097	14.3499	16476511
pc:rows:after	1	1.90	System.Private.CoreLib.dll	n=22475;h=21372B1F	131	16.4181	10.3400	20.0450	26121960
pc:window:before	1	1.76	CommandLine.dll	n=11;h=9289C8A6	5000	0.1457	0.1447	0.1546	621338
pc:window:before	1	1.76	Humanizer.dll	n=11;h=13A97420	5000	0.1342	0.1334	0.1369	584570
pc:window:before	1	1.76	Mono.Cecil.dll	n=11;h=D01076C5	5000	0.2222	0.2201	0.2305	831010
pc:window:before	1	1.76	Newtonsoft.Json.dll	n=11;h=1E2EEF32	5000	0.3479	0.3447	0.3676	1353146
pc:window:before	1	1.76	System.Text.Json.dll	n=11;h=BA929ADB	5000	0.3280	0.3249	0.3503	1390466
pc:window:before	1	1.76	NuGet.Packaging.dll	n=11;h=11E00573	5000	0.2569	0.2549	0.2640	995146
pc:window:before	1	1.76	Microsoft.CodeAnalysis.CSharp.dll	n=11;h=F4CCA210	213	8.3099	6.9323	13.6840	16476078
pc:window:before	1	1.76	System.Private.CoreLib.dll	n=11;h=3D959E9B	133	16.2171	9.8756	20.0421	26121571
pc:window:nlinq	1	1.67	CommandLine.dll	n=11;h=9289C8A6	5000	0.0094	0.0091	0.0122	19074
pc:window:nlinq	1	1.67	Humanizer.dll	n=11;h=13A97420	5000	0.0062	0.0061	0.0062	12890
pc:window:nlinq	1	1.67	Mono.Cecil.dll	n=11;h=D01076C5	5000	0.0073	0.0073	0.0074	15842
pc:window:nlinq	1	1.67	Newtonsoft.Json.dll	n=11;h=1E2EEF32	5000	0.0084	0.0083	0.0086	16690
pc:window:nlinq	1	1.67	System.Text.Json.dll	n=11;h=BA929ADB	5000	0.0084	0.0084	0.0086	16986
pc:window:nlinq	1	1.67	NuGet.Packaging.dll	n=11;h=11E00573	5000	0.0081	0.0080	0.0082	15378
pc:window:nlinq	1	1.67	Microsoft.CodeAnalysis.CSharp.dll	n=11;h=F4CCA210	5000	0.0244	0.0242	0.0257	15282
pc:window:nlinq	1	1.67	System.Private.CoreLib.dll	n=11;h=3D959E9B	5000	0.0098	0.0097	0.0102	11250
pc:window:after	1	1.67	CommandLine.dll	n=11;h=9289C8A6	5000	0.0077	0.0076	0.0104	19138
pc:window:after	1	1.67	Humanizer.dll	n=11;h=13A97420	5000	0.0057	0.0055	0.0062	12954
pc:window:after	1	1.67	Mono.Cecil.dll	n=11;h=D01076C5	5000	0.0065	0.0064	0.0067	15906
pc:window:after	1	1.67	Newtonsoft.Json.dll	n=11;h=1E2EEF32	5000	0.0074	0.0073	0.0076	16754
pc:window:after	1	1.67	System.Text.Json.dll	n=11;h=BA929ADB	5000	0.0069	0.0068	0.0071	17050
pc:window:after	1	1.67	NuGet.Packaging.dll	n=11;h=11E00573	5000	0.0065	0.0064	0.0067	15442
pc:window:after	1	1.67	Microsoft.CodeAnalysis.CSharp.dll	n=11;h=F4CCA210	5000	0.0165	0.0164	0.0168	15346
pc:window:after	1	1.67	System.Private.CoreLib.dll	n=11;h=3D959E9B	5000	0.0079	0.0077	0.0082	11314
pc:exists:before	1	1.67	CommandLine.dll	true	5000	0.1441	0.1426	0.1533	620842
pc:exists:before	1	1.67	Humanizer.dll	true	5000	0.1335	0.1323	0.1366	584074
pc:exists:before	1	1.67	Mono.Cecil.dll	true	5000	0.2230	0.2205	0.2326	830514
pc:exists:before	1	1.67	Newtonsoft.Json.dll	true	5000	0.3504	0.3472	0.3725	1352650
pc:exists:before	1	1.67	System.Text.Json.dll	true	5000	0.3367	0.3288	0.3641	1389970
pc:exists:before	1	1.67	NuGet.Packaging.dll	true	5000	0.2546	0.2522	0.2713	994650
pc:exists:before	1	1.67	Microsoft.CodeAnalysis.CSharp.dll	true	209	8.6650	6.8607	14.1277	16475568
pc:exists:before	1	1.67	System.Private.CoreLib.dll	true	134	16.0878	9.9669	19.6574	26121089
pc:exists:nlinq	2	1.64	CommandLine.dll	true	5000	0.0025	0.0024	0.0041	4370
pc:exists:nlinq	2	1.64	Humanizer.dll	true	5000	0.0016	0.0015	0.0017	4370
pc:exists:nlinq	2	1.64	Mono.Cecil.dll	true	5000	0.0016	0.0015	0.0016	4370
pc:exists:nlinq	2	1.64	Newtonsoft.Json.dll	true	5000	0.0016	0.0015	0.0016	4370
pc:exists:nlinq	2	1.64	System.Text.Json.dll	true	5000	0.0016	0.0015	0.0016	4370
pc:exists:nlinq	2	1.64	NuGet.Packaging.dll	true	5000	0.0021	0.0020	0.0022	4370
pc:exists:nlinq	2	1.64	Microsoft.CodeAnalysis.CSharp.dll	true	5000	0.0017	0.0016	0.0018	4370
pc:exists:nlinq	2	1.64	System.Private.CoreLib.dll	true	5000	0.0023	0.0022	0.0025	4370
pc:exists:before	2	1.64	CommandLine.dll	true	5000	0.1465	0.1439	0.1573	620842
pc:exists:before	2	1.64	Humanizer.dll	true	5000	0.1376	0.1339	0.1477	584074
pc:exists:before	2	1.64	Mono.Cecil.dll	true	5000	0.2214	0.2178	0.2401	830514
pc:exists:before	2	1.64	Newtonsoft.Json.dll	true	5000	0.3443	0.3418	0.3553	1352650
pc:exists:before	2	1.64	System.Text.Json.dll	true	5000	0.3247	0.3219	0.3336	1389970
pc:exists:before	2	1.64	NuGet.Packaging.dll	true	5000	0.2539	0.2516	0.2759	994650
pc:exists:before	2	1.64	Microsoft.CodeAnalysis.CSharp.dll	true	212	8.2940	6.9023	13.8948	16475566
pc:exists:before	2	1.64	System.Private.CoreLib.dll	true	136	15.8209	9.8539	19.3452	26121115
pc:window:after	2	1.50	CommandLine.dll	n=11;h=9289C8A6	5000	0.0076	0.0073	0.0104	19138
pc:window:after	2	1.50	Humanizer.dll	n=11;h=13A97420	5000	0.0056	0.0055	0.0057	12954
pc:window:after	2	1.50	Mono.Cecil.dll	n=11;h=D01076C5	5000	0.0064	0.0063	0.0065	15906
pc:window:after	2	1.50	Newtonsoft.Json.dll	n=11;h=1E2EEF32	5000	0.0073	0.0072	0.0074	16754
pc:window:after	2	1.50	System.Text.Json.dll	n=11;h=BA929ADB	5000	0.0068	0.0068	0.0069	17050
pc:window:after	2	1.50	NuGet.Packaging.dll	n=11;h=11E00573	5000	0.0064	0.0064	0.0065	15442
pc:window:after	2	1.50	Microsoft.CodeAnalysis.CSharp.dll	n=11;h=F4CCA210	5000	0.0165	0.0164	0.0168	15346
pc:window:after	2	1.50	System.Private.CoreLib.dll	n=11;h=3D959E9B	5000	0.0078	0.0077	0.0081	11314
pc:window:nlinq	2	1.50	CommandLine.dll	n=11;h=9289C8A6	5000	0.0090	0.0089	0.0116	19074
pc:window:nlinq	2	1.50	Humanizer.dll	n=11;h=13A97420	5000	0.0060	0.0059	0.0061	12890
pc:window:nlinq	2	1.50	Mono.Cecil.dll	n=11;h=D01076C5	5000	0.0072	0.0071	0.0075	15842
pc:window:nlinq	2	1.50	Newtonsoft.Json.dll	n=11;h=1E2EEF32	5000	0.0082	0.0081	0.0083	16690
pc:window:nlinq	2	1.50	System.Text.Json.dll	n=11;h=BA929ADB	5000	0.0083	0.0082	0.0086	16986
pc:window:nlinq	2	1.50	NuGet.Packaging.dll	n=11;h=11E00573	5000	0.0080	0.0079	0.0082	15378
pc:window:nlinq	2	1.50	Microsoft.CodeAnalysis.CSharp.dll	n=11;h=F4CCA210	5000	0.0243	0.0240	0.0255	15282
pc:window:nlinq	2	1.50	System.Private.CoreLib.dll	n=11;h=3D959E9B	5000	0.0098	0.0096	0.0101	11250
pc:window:before	2	1.50	CommandLine.dll	n=11;h=9289C8A6	5000	0.1487	0.1442	0.1582	621338
pc:window:before	2	1.50	Humanizer.dll	n=11;h=13A97420	5000	0.1399	0.1340	0.1510	584570
pc:window:before	2	1.50	Mono.Cecil.dll	n=11;h=D01076C5	5000	0.2213	0.2190	0.2286	831010
pc:window:before	2	1.50	Newtonsoft.Json.dll	n=11;h=1E2EEF32	5000	0.3448	0.3413	0.3827	1353146
pc:window:before	2	1.50	System.Text.Json.dll	n=11;h=BA929ADB	5000	0.3419	0.3296	0.3779	1390466
pc:window:before	2	1.50	NuGet.Packaging.dll	n=11;h=11E00573	5000	0.2578	0.2557	0.2626	995146
pc:window:before	2	1.50	Microsoft.CodeAnalysis.CSharp.dll	n=11;h=F4CCA210	204	8.9238	6.9074	14.6032	16476106
pc:window:before	2	1.50	System.Private.CoreLib.dll	n=11;h=3D959E9B	130	16.0543	9.9467	20.4380	26121673
pc:rows:after	2	1.42	CommandLine.dll	n=403;h=0DAD55A3	5000	0.1557	0.1547	0.1588	621730
pc:rows:after	2	1.42	Humanizer.dll	n=735;h=ABE64147	5000	0.1537	0.1526	0.1568	584962
pc:rows:after	2	1.42	Mono.Cecil.dll	n=992;h=D45F7327	5000	0.2571	0.2548	0.2788	831402
pc:rows:after	2	1.42	Newtonsoft.Json.dll	n=1509;h=30587641	4963	0.3890	0.3864	0.3994	1353538
pc:rows:after	2	1.42	System.Text.Json.dll	n=1337;h=15AB9B20	5000	0.3656	0.3626	0.3920	1390858
pc:rows:after	2	1.42	NuGet.Packaging.dll	n=999;h=910CC3CB	5000	0.2897	0.2870	0.3066	995538
pc:rows:after	2	1.42	Microsoft.CodeAnalysis.CSharp.dll	n=13161;h=20D748F8	199	8.6817	7.3009	14.4670	16476519
pc:rows:after	2	1.42	System.Private.CoreLib.dll	n=22475;h=21372B1F	131	16.3815	10.3103	20.0445	26122009
pc:rows:nlinq	2	1.33	CommandLine.dll	n=403;h=0DAD55A3	5000	0.1623	0.1613	0.1657	611426
pc:rows:nlinq	2	1.33	Humanizer.dll	n=735;h=ABE64147	5000	0.1486	0.1476	0.1533	566690
pc:rows:nlinq	2	1.33	Mono.Cecil.dll	n=992;h=D45F7327	5000	0.2530	0.2508	0.2648	806962
pc:rows:nlinq	2	1.33	Newtonsoft.Json.dll	n=1509;h=30587641	4969	0.3897	0.3869	0.4084	1316690
pc:rows:nlinq	2	1.33	System.Text.Json.dll	n=1337;h=15AB9B20	5000	0.3657	0.3619	0.3944	1358138
pc:rows:nlinq	2	1.33	NuGet.Packaging.dll	n=999;h=910CC3CB	5000	0.2956	0.2934	0.3015	970930
pc:rows:nlinq	2	1.33	Microsoft.CodeAnalysis.CSharp.dll	n=13161;h=20D748F8	211	8.3732	7.0571	13.7439	16160010
pc:rows:nlinq	2	1.33	System.Private.CoreLib.dll	n=22475;h=21372B1F	129	15.9277	10.2518	20.5690	25581961
pc:rows:before	2	1.28	CommandLine.dll	n=403;h=0DAD55A3	5000	0.1459	0.1417	0.1571	620858
pc:rows:before	2	1.28	Humanizer.dll	n=735;h=ABE64147	5000	0.1390	0.1350	0.1502	584090
pc:rows:before	2	1.28	Mono.Cecil.dll	n=992;h=D45F7327	5000	0.2280	0.2204	0.2440	830530
pc:rows:before	2	1.28	Newtonsoft.Json.dll	n=1509;h=30587641	5000	0.3472	0.3443	0.3600	1352666
pc:rows:before	2	1.28	System.Text.Json.dll	n=1337;h=15AB9B20	5000	0.3271	0.3243	0.3376	1389986
pc:rows:before	2	1.28	NuGet.Packaging.dll	n=999;h=910CC3CB	5000	0.2564	0.2539	0.2786	994666
pc:rows:before	2	1.28	Microsoft.CodeAnalysis.CSharp.dll	n=13161;h=20D748F8	217	8.0187	6.8086	13.6452	16475614
pc:rows:before	2	1.28	System.Private.CoreLib.dll	n=22475;h=21372B1F	128	16.3463	10.0430	20.5673	26121067
pc:tail:after	2	1.31	CommandLine.dll	n=6;h=2C0D37C1	5000	0.0125	0.0122	0.0147	9874
pc:tail:after	2	1.31	Humanizer.dll	n=6;h=91D17220	5000	0.0187	0.0185	0.0190	6562
pc:tail:after	2	1.31	Mono.Cecil.dll	n=6;h=3891C1A0	5000	0.0323	0.0320	0.0328	8730
pc:tail:after	2	1.31	Newtonsoft.Json.dll	n=6;h=7111BB62	5000	0.0398	0.0396	0.0408	9258
pc:tail:after	2	1.31	System.Text.Json.dll	n=6;h=51F1B225	5000	0.0332	0.0330	0.0336	10018
pc:tail:after	2	1.31	NuGet.Packaging.dll	n=6;h=233EB48F	5000	0.0298	0.0296	0.0301	6146
pc:tail:after	2	1.31	Microsoft.CodeAnalysis.CSharp.dll	n=6;h=DBA5688B	5000	0.3408	0.3394	0.3447	8898
pc:tail:after	2	1.31	System.Private.CoreLib.dll	n=6;h=BC20A3BD	4617	0.4309	0.4294	0.4362	9036
pc:tail:nlinq	2	1.28	CommandLine.dll	n=6;h=2C0D37C1	5000	0.0284	0.0281	0.0307	10122
pc:tail:nlinq	2	1.28	Humanizer.dll	n=6;h=91D17220	5000	0.0343	0.0341	0.0346	6810
pc:tail:nlinq	2	1.28	Mono.Cecil.dll	n=6;h=3891C1A0	5000	0.0649	0.0644	0.0656	8978
pc:tail:nlinq	2	1.28	Newtonsoft.Json.dll	n=6;h=7111BB62	5000	0.0846	0.0842	0.0860	9506
pc:tail:nlinq	2	1.28	System.Text.Json.dll	n=6;h=51F1B225	5000	0.0744	0.0741	0.0754	10266
pc:tail:nlinq	2	1.28	NuGet.Packaging.dll	n=6;h=233EB48F	5000	0.0698	0.0694	0.0706	6394
pc:tail:nlinq	2	1.28	Microsoft.CodeAnalysis.CSharp.dll	n=6;h=DBA5688B	2566	0.7745	0.7713	0.7904	9145
pc:tail:nlinq	2	1.28	System.Private.CoreLib.dll	n=6;h=BC20A3BD	2320	0.8542	0.8477	0.8705	9284
pc:tail:before	2	1.26	CommandLine.dll	n=6;h=2C0D37C1	5000	0.1499	0.1466	0.1597	621418
pc:tail:before	2	1.26	Humanizer.dll	n=6;h=91D17220	5000	0.1391	0.1361	0.1462	584650
pc:tail:before	2	1.26	Mono.Cecil.dll	n=6;h=3891C1A0	5000	0.2298	0.2238	0.2445	831090
pc:tail:before	2	1.26	Newtonsoft.Json.dll	n=6;h=7111BB62	5000	0.3622	0.3474	0.3922	1353226
pc:tail:before	2	1.26	System.Text.Json.dll	n=6;h=51F1B225	5000	0.3254	0.3224	0.3536	1390546
pc:tail:before	2	1.26	NuGet.Packaging.dll	n=6;h=233EB48F	5000	0.2551	0.2532	0.2606	995226
pc:tail:before	2	1.26	Microsoft.CodeAnalysis.CSharp.dll	n=6;h=DBA5688B	213	8.0092	6.8300	14.0427	16476154
pc:tail:before	2	1.26	System.Private.CoreLib.dll	n=6;h=BC20A3BD	135	16.0718	9.9494	19.3985	26121863
pc:head:after	2	1.54	CommandLine.dll	n=6;h=38398B5E	5000	0.0034	0.0031	0.0054	10338
pc:head:after	2	1.54	Humanizer.dll	n=6;h=D93A2D05	5000	0.0025	0.0024	0.0025	8338
pc:head:after	2	1.54	Mono.Cecil.dll	n=6;h=EAFAA362	5000	0.0025	0.0025	0.0025	8106
pc:head:after	2	1.54	Newtonsoft.Json.dll	n=6;h=A4332D4B	5000	0.0024	0.0024	0.0024	8050
pc:head:after	2	1.54	System.Text.Json.dll	n=6;h=7C8B77FF	5000	0.0038	0.0038	0.0039	8538
pc:head:after	2	1.54	NuGet.Packaging.dll	n=6;h=10648FC9	5000	0.0030	0.0030	0.0031	11090
pc:head:after	2	1.54	Microsoft.CodeAnalysis.CSharp.dll	n=6;h=83A9E69E	5000	0.0023	0.0023	0.0028	7642
pc:head:after	2	1.54	System.Private.CoreLib.dll	n=6;h=8CF51FF1	5000	0.0044	0.0042	0.0046	7410
pc:head:nlinq	2	1.54	CommandLine.dll	n=6;h=38398B5E	5000	0.0047	0.0045	0.0068	10274
pc:head:nlinq	2	1.54	Humanizer.dll	n=6;h=D93A2D05	5000	0.0026	0.0024	0.0033	8274
pc:head:nlinq	2	1.54	Mono.Cecil.dll	n=6;h=EAFAA362	5000	0.0025	0.0025	0.0026	8042
pc:head:nlinq	2	1.54	Newtonsoft.Json.dll	n=6;h=A4332D4B	5000	0.0024	0.0024	0.0025	7986
pc:head:nlinq	2	1.54	System.Text.Json.dll	n=6;h=7C8B77FF	5000	0.0048	0.0047	0.0049	8474
pc:head:nlinq	2	1.54	NuGet.Packaging.dll	n=6;h=10648FC9	5000	0.0038	0.0038	0.0040	11026
pc:head:nlinq	2	1.54	Microsoft.CodeAnalysis.CSharp.dll	n=6;h=83A9E69E	5000	0.0025	0.0024	0.0029	7578
pc:head:nlinq	2	1.54	System.Private.CoreLib.dll	n=6;h=8CF51FF1	5000	0.0056	0.0054	0.0057	7346
pc:head:before	2	1.54	CommandLine.dll	n=6;h=38398B5E	5000	0.1458	0.1447	0.1534	621146
pc:head:before	2	1.54	Humanizer.dll	n=6;h=D93A2D05	5000	0.1348	0.1338	0.1406	584378
pc:head:before	2	1.54	Mono.Cecil.dll	n=6;h=EAFAA362	5000	0.2236	0.2219	0.2284	830818
pc:head:before	2	1.54	Newtonsoft.Json.dll	n=6;h=A4332D4B	5000	0.3496	0.3468	0.3764	1352954
pc:head:before	2	1.54	System.Text.Json.dll	n=6;h=7C8B77FF	5000	0.3296	0.3271	0.3388	1390274
pc:head:before	2	1.54	NuGet.Packaging.dll	n=6;h=10648FC9	5000	0.2594	0.2576	0.2668	994954
pc:head:before	2	1.54	Microsoft.CodeAnalysis.CSharp.dll	n=6;h=83A9E69E	214	8.1568	6.8361	14.0029	16475882
pc:head:before	2	1.54	System.Private.CoreLib.dll	n=6;h=8CF51FF1	134	16.2426	9.8851	20.0255	26121495
pc:count:after	2	1.90	CommandLine.dll	c=403	5000	0.0135	0.0133	0.0152	5018
pc:count:after	2	1.90	Humanizer.dll	c=735	5000	0.0229	0.0228	0.0231	5018
pc:count:after	2	1.90	Mono.Cecil.dll	c=992	5000	0.0411	0.0408	0.0413	5018
pc:count:after	2	1.90	Newtonsoft.Json.dll	c=1509	5000	0.0508	0.0506	0.0511	5018
pc:count:after	2	1.90	System.Text.Json.dll	c=1337	5000	0.0452	0.0451	0.0454	5018
pc:count:after	2	1.90	NuGet.Packaging.dll	c=999	5000	0.0394	0.0392	0.0403	5018
pc:count:after	2	1.90	Microsoft.CodeAnalysis.CSharp.dll	c=13161	4074	0.4904	0.4890	0.4927	5008
pc:count:after	2	1.90	System.Private.CoreLib.dll	c=22475	3604	0.5545	0.5530	0.5563	5010
pc:count:nlinq	2	2.23	CommandLine.dll	c=403	5000	0.0171	0.0168	0.0189	4362
pc:count:nlinq	2	2.23	Humanizer.dll	c=735	5000	0.0229	0.0226	0.0398	4362
pc:count:nlinq	2	2.23	Mono.Cecil.dll	c=992	5000	0.0423	0.0421	0.0429	4362
pc:count:nlinq	2	2.23	Newtonsoft.Json.dll	c=1509	5000	0.0536	0.0535	0.0546	4362
pc:count:nlinq	2	2.23	System.Text.Json.dll	c=1337	5000	0.0463	0.0462	0.0470	4362
pc:count:nlinq	2	2.23	NuGet.Packaging.dll	c=999	5000	0.0434	0.0433	0.0441	4362
pc:count:nlinq	2	2.23	Microsoft.CodeAnalysis.CSharp.dll	c=13161	3999	0.4988	0.4955	0.5034	4352
pc:count:nlinq	2	2.23	System.Private.CoreLib.dll	c=22475	3574	0.5579	0.5560	0.5635	4354
pc:count:before	2	2.13	CommandLine.dll	c=403	5000	0.1437	0.1428	0.1465	620858
pc:count:before	2	2.13	Humanizer.dll	c=735	5000	0.1335	0.1323	0.1423	584090
pc:count:before	2	2.13	Mono.Cecil.dll	c=992	5000	0.2204	0.2165	0.2274	830530
pc:count:before	2	2.13	Newtonsoft.Json.dll	c=1509	5000	0.3430	0.3397	0.3547	1352666
pc:count:before	2	2.13	System.Text.Json.dll	c=1337	5000	0.3233	0.3201	0.3497	1389986
pc:count:before	2	2.13	NuGet.Packaging.dll	c=999	5000	0.2507	0.2484	0.2577	994666
pc:count:before	2	2.13	Microsoft.CodeAnalysis.CSharp.dll	c=13161	216	8.0768	6.7719	13.7745	16475616
pc:count:before	2	2.13	System.Private.CoreLib.dll	c=22475	133	16.2804	9.8871	19.9255	26121165
pc:exists:after	2	2.70	CommandLine.dll	true	5000	0.0019	0.0018	0.0035	5026
pc:exists:after	2	2.70	Humanizer.dll	true	5000	0.0018	0.0017	0.0019	5026
pc:exists:after	2	2.70	Mono.Cecil.dll	true	5000	0.0018	0.0017	0.0018	5026
pc:exists:after	2	2.70	Newtonsoft.Json.dll	true	5000	0.0018	0.0017	0.0018	5026
pc:exists:after	2	2.70	System.Text.Json.dll	true	5000	0.0018	0.0017	0.0018	5026
pc:exists:after	2	2.70	NuGet.Packaging.dll	true	5000	0.0018	0.0018	0.0019	5026
pc:exists:after	2	2.70	Microsoft.CodeAnalysis.CSharp.dll	true	5000	0.0018	0.0017	0.0019	5026
pc:exists:after	2	2.70	System.Private.CoreLib.dll	true	5000	0.0024	0.0023	0.0026	5026
pc:count:before	3	2.70	CommandLine.dll	c=403	5000	0.1463	0.1449	0.1495	620858
pc:count:before	3	2.70	Humanizer.dll	c=735	5000	0.1325	0.1312	0.1354	584090
pc:count:before	3	2.70	Mono.Cecil.dll	c=992	5000	0.2227	0.2194	0.2275	830530
pc:count:before	3	2.70	Newtonsoft.Json.dll	c=1509	5000	0.3450	0.3424	0.3649	1352666
pc:count:before	3	2.70	System.Text.Json.dll	c=1337	5000	0.3268	0.3241	0.3363	1389986
pc:count:before	3	2.70	NuGet.Packaging.dll	c=999	5000	0.2564	0.2541	0.2641	994666
pc:count:before	3	2.70	Microsoft.CodeAnalysis.CSharp.dll	c=13161	212	8.2004	6.8560	13.8327	16475587
pc:count:before	3	2.70	System.Private.CoreLib.dll	c=22475	133	16.2682	9.9630	19.7580	26121316
pc:count:nlinq	3	2.60	CommandLine.dll	c=403	5000	0.0175	0.0170	0.0190	4362
pc:count:nlinq	3	2.60	Humanizer.dll	c=735	5000	0.0231	0.0229	0.0234	4362
pc:count:nlinq	3	2.60	Mono.Cecil.dll	c=992	5000	0.0427	0.0425	0.0434	4362
pc:count:nlinq	3	2.60	Newtonsoft.Json.dll	c=1509	5000	0.0541	0.0540	0.0552	4362
pc:count:nlinq	3	2.60	System.Text.Json.dll	c=1337	5000	0.0468	0.0466	0.0476	4362
pc:count:nlinq	3	2.60	NuGet.Packaging.dll	c=999	5000	0.0441	0.0438	0.0448	4362
pc:count:nlinq	3	2.60	Microsoft.CodeAnalysis.CSharp.dll	c=13161	3982	0.5005	0.4988	0.5073	4352
pc:count:nlinq	3	2.60	System.Private.CoreLib.dll	c=22475	3566	0.5593	0.5576	0.5656	4354
pc:count:after	3	2.47	CommandLine.dll	c=403	5000	0.0138	0.0134	0.0154	5018
pc:count:after	3	2.47	Humanizer.dll	c=735	5000	0.0230	0.0228	0.0232	5018
pc:count:after	3	2.47	Mono.Cecil.dll	c=992	5000	0.0411	0.0409	0.0414	5018
pc:count:after	3	2.47	Newtonsoft.Json.dll	c=1509	5000	0.0508	0.0506	0.0511	5018
pc:count:after	3	2.47	System.Text.Json.dll	c=1337	5000	0.0452	0.0449	0.0454	5018
pc:count:after	3	2.47	NuGet.Packaging.dll	c=999	5000	0.0392	0.0389	0.0394	5018
pc:count:after	3	2.47	Microsoft.CodeAnalysis.CSharp.dll	c=13161	4055	0.4927	0.4906	0.4955	5008
pc:count:after	3	2.47	System.Private.CoreLib.dll	c=22475	3603	0.5547	0.5533	0.5565	5010
pc:head:before	3	2.75	CommandLine.dll	n=6;h=38398B5E	5000	0.1444	0.1433	0.1491	621146
pc:head:before	3	2.75	Humanizer.dll	n=6;h=D93A2D05	5000	0.1356	0.1347	0.1381	584378
pc:head:before	3	2.75	Mono.Cecil.dll	n=6;h=EAFAA362	5000	0.2237	0.2218	0.2311	830818
pc:head:before	3	2.75	Newtonsoft.Json.dll	n=6;h=A4332D4B	5000	0.3524	0.3497	0.3741	1352954
pc:head:before	3	2.75	System.Text.Json.dll	n=6;h=7C8B77FF	5000	0.3253	0.3227	0.3431	1390274
pc:head:before	3	2.75	NuGet.Packaging.dll	n=6;h=10648FC9	5000	0.2552	0.2533	0.2610	994954
pc:head:before	3	2.75	Microsoft.CodeAnalysis.CSharp.dll	n=6;h=83A9E69E	209	8.3952	6.8196	14.0259	16475907
pc:head:before	3	2.75	System.Private.CoreLib.dll	n=6;h=8CF51FF1	135	16.1240	9.8917	19.6480	26121339
pc:head:nlinq	3	2.88	CommandLine.dll	n=6;h=38398B5E	5000	0.0047	0.0044	0.0068	10274
pc:head:nlinq	3	2.88	Humanizer.dll	n=6;h=D93A2D05	5000	0.0026	0.0025	0.0028	8274
pc:head:nlinq	3	2.88	Mono.Cecil.dll	n=6;h=EAFAA362	5000	0.0027	0.0025	0.0029	8042
pc:head:nlinq	3	2.88	Newtonsoft.Json.dll	n=6;h=A4332D4B	5000	0.0024	0.0024	0.0025	7986
pc:head:nlinq	3	2.88	System.Text.Json.dll	n=6;h=7C8B77FF	5000	0.0047	0.0046	0.0048	8474
pc:head:nlinq	3	2.88	NuGet.Packaging.dll	n=6;h=10648FC9	5000	0.0038	0.0037	0.0042	11026
pc:head:nlinq	3	2.88	Microsoft.CodeAnalysis.CSharp.dll	n=6;h=83A9E69E	5000	0.0025	0.0024	0.0029	7578
pc:head:nlinq	3	2.88	System.Private.CoreLib.dll	n=6;h=8CF51FF1	5000	0.0055	0.0053	0.0057	7346
pc:head:after	3	2.88	CommandLine.dll	n=6;h=38398B5E	5000	0.0035	0.0033	0.0054	10338
pc:head:after	3	2.88	Humanizer.dll	n=6;h=D93A2D05	5000	0.0025	0.0024	0.0026	8338
pc:head:after	3	2.88	Mono.Cecil.dll	n=6;h=EAFAA362	5000	0.0025	0.0025	0.0026	8106
pc:head:after	3	2.88	Newtonsoft.Json.dll	n=6;h=A4332D4B	5000	0.0024	0.0023	0.0024	8050
pc:head:after	3	2.88	System.Text.Json.dll	n=6;h=7C8B77FF	5000	0.0038	0.0038	0.0039	8538
pc:head:after	3	2.88	NuGet.Packaging.dll	n=6;h=10648FC9	5000	0.0030	0.0030	0.0031	11090
pc:head:after	3	2.88	Microsoft.CodeAnalysis.CSharp.dll	n=6;h=83A9E69E	5000	0.0023	0.0023	0.0024	7642
pc:head:after	3	2.88	System.Private.CoreLib.dll	n=6;h=8CF51FF1	5000	0.0044	0.0042	0.0045	7410
pc:tail:before	3	2.88	CommandLine.dll	n=6;h=2C0D37C1	5000	0.1449	0.1439	0.1496	621418
pc:tail:before	3	2.88	Humanizer.dll	n=6;h=91D17220	5000	0.1349	0.1321	0.1458	584650
pc:tail:before	3	2.88	Mono.Cecil.dll	n=6;h=3891C1A0	5000	0.2335	0.2276	0.2480	831090
pc:tail:before	3	2.88	Newtonsoft.Json.dll	n=6;h=7111BB62	5000	0.3495	0.3466	0.3609	1353226
pc:tail:before	3	2.88	System.Text.Json.dll	n=6;h=51F1B225	5000	0.3298	0.3262	0.3578	1390546
pc:tail:before	3	2.88	NuGet.Packaging.dll	n=6;h=233EB48F	5000	0.2551	0.2531	0.2606	995226
pc:tail:before	3	2.88	Microsoft.CodeAnalysis.CSharp.dll	n=6;h=DBA5688B	188	9.5897	7.4374	15.7929	16476175
pc:tail:before	3	2.88	System.Private.CoreLib.dll	n=6;h=BC20A3BD	122	16.9504	10.5156	21.8404	26121875
pc:tail:nlinq	3	2.83	CommandLine.dll	n=6;h=2C0D37C1	5000	0.0290	0.0287	0.0311	10122
pc:tail:nlinq	3	2.83	Humanizer.dll	n=6;h=91D17220	5000	0.0350	0.0348	0.0354	6810
pc:tail:nlinq	3	2.83	Mono.Cecil.dll	n=6;h=3891C1A0	5000	0.0665	0.0661	0.0673	8978
pc:tail:nlinq	3	2.83	Newtonsoft.Json.dll	n=6;h=7111BB62	5000	0.0857	0.0853	0.0870	9506
pc:tail:nlinq	3	2.83	System.Text.Json.dll	n=6;h=51F1B225	5000	0.0759	0.0755	0.0770	10266
pc:tail:nlinq	3	2.83	NuGet.Packaging.dll	n=6;h=233EB48F	5000	0.0711	0.0708	0.0720	6394
pc:tail:nlinq	3	2.83	Microsoft.CodeAnalysis.CSharp.dll	n=6;h=DBA5688B	2546	0.7812	0.7747	0.7940	9145
pc:tail:nlinq	3	2.83	System.Private.CoreLib.dll	n=6;h=BC20A3BD	2374	0.8392	0.8296	0.8528	9283
pc:tail:after	3	2.85	CommandLine.dll	n=6;h=2C0D37C1	5000	0.0128	0.0123	0.0151	9874
pc:tail:after	3	2.85	Humanizer.dll	n=6;h=91D17220	5000	0.0188	0.0186	0.0190	6562
pc:tail:after	3	2.85	Mono.Cecil.dll	n=6;h=3891C1A0	5000	0.0325	0.0323	0.0333	8730
pc:tail:after	3	2.85	Newtonsoft.Json.dll	n=6;h=7111BB62	5000	0.0403	0.0402	0.0415	9258
pc:tail:after	3	2.85	System.Text.Json.dll	n=6;h=51F1B225	5000	0.0337	0.0336	0.0341	10018
pc:tail:after	3	2.85	NuGet.Packaging.dll	n=6;h=233EB48F	5000	0.0304	0.0303	0.0307	6146
pc:tail:after	3	2.85	Microsoft.CodeAnalysis.CSharp.dll	n=6;h=DBA5688B	5000	0.3487	0.3472	0.3519	8898
pc:tail:after	3	2.85	System.Private.CoreLib.dll	n=6;h=BC20A3BD	4508	0.4427	0.4409	0.4456	9037
pc:rows:before	3	2.78	CommandLine.dll	n=403;h=0DAD55A3	5000	0.1440	0.1423	0.1472	620858
pc:rows:before	3	2.78	Humanizer.dll	n=735;h=ABE64147	5000	0.1343	0.1330	0.1366	584090
pc:rows:before	3	2.78	Mono.Cecil.dll	n=992;h=D45F7327	5000	0.2193	0.2173	0.2250	830530
pc:rows:before	3	2.78	Newtonsoft.Json.dll	n=1509;h=30587641	5000	0.3478	0.3441	0.3846	1352666
pc:rows:before	3	2.78	System.Text.Json.dll	n=1337;h=15AB9B20	5000	0.3274	0.3243	0.3511	1389986
pc:rows:before	3	2.78	NuGet.Packaging.dll	n=999;h=910CC3CB	5000	0.2559	0.2538	0.2614	994666
pc:rows:before	3	2.78	Microsoft.CodeAnalysis.CSharp.dll	n=13161;h=20D748F8	215	8.4093	6.8433	13.5941	16475590
pc:rows:before	3	2.78	System.Private.CoreLib.dll	n=22475;h=21372B1F	132	16.6481	9.9414	20.0138	26121329
pc:rows:nlinq	3	2.66	CommandLine.dll	n=403;h=0DAD55A3	5000	0.1625	0.1615	0.1653	611426
pc:rows:nlinq	3	2.66	Humanizer.dll	n=735;h=ABE64147	5000	0.1506	0.1497	0.1533	566690
pc:rows:nlinq	3	2.66	Mono.Cecil.dll	n=992;h=D45F7327	5000	0.2556	0.2537	0.2657	806962
pc:rows:nlinq	3	2.66	Newtonsoft.Json.dll	n=1509;h=30587641	4897	0.3948	0.3919	0.4141	1316690
pc:rows:nlinq	3	2.66	System.Text.Json.dll	n=1337;h=15AB9B20	5000	0.3644	0.3607	0.3816	1358138
pc:rows:nlinq	3	2.66	NuGet.Packaging.dll	n=999;h=910CC3CB	5000	0.2915	0.2893	0.2992	970930
pc:rows:nlinq	3	2.66	Microsoft.CodeAnalysis.CSharp.dll	n=13161;h=20D748F8	212	8.7664	6.9863	13.4507	16159980
pc:rows:nlinq	3	2.66	System.Private.CoreLib.dll	n=22475;h=21372B1F	136	15.6955	10.1432	19.0325	25582020
pc:rows:after	3	2.29	CommandLine.dll	n=403;h=0DAD55A3	5000	0.1563	0.1547	0.1632	621730
pc:rows:after	3	2.29	Humanizer.dll	n=735;h=ABE64147	5000	0.1533	0.1517	0.1574	584962
pc:rows:after	3	2.29	Mono.Cecil.dll	n=992;h=D45F7327	5000	0.2593	0.2576	0.2643	831402
pc:rows:after	3	2.29	Newtonsoft.Json.dll	n=1509;h=30587641	4924	0.3923	0.3894	0.4043	1353538
pc:rows:after	3	2.29	System.Text.Json.dll	n=1337;h=15AB9B20	5000	0.3671	0.3640	0.3855	1390858
pc:rows:after	3	2.29	NuGet.Packaging.dll	n=999;h=910CC3CB	5000	0.2899	0.2873	0.2965	995538
pc:rows:after	3	2.29	Microsoft.CodeAnalysis.CSharp.dll	n=13161;h=20D748F8	203	8.8309	7.3172	14.1440	16476490
pc:rows:after	3	2.29	System.Private.CoreLib.dll	n=22475;h=21372B1F	130	16.5494	10.3823	20.5058	26122149
pc:window:before	3	2.09	CommandLine.dll	n=11;h=9289C8A6	5000	0.1456	0.1446	0.1494	621338
pc:window:before	3	2.09	Humanizer.dll	n=11;h=13A97420	5000	0.1339	0.1327	0.1365	584570
pc:window:before	3	2.09	Mono.Cecil.dll	n=11;h=D01076C5	5000	0.2192	0.2170	0.2249	831010
pc:window:before	3	2.09	Newtonsoft.Json.dll	n=11;h=1E2EEF32	5000	0.3439	0.3411	0.3552	1353146
pc:window:before	3	2.09	System.Text.Json.dll	n=11;h=BA929ADB	5000	0.3248	0.3224	0.3337	1390466
pc:window:before	3	2.09	NuGet.Packaging.dll	n=11;h=11E00573	5000	0.2570	0.2551	0.2706	995146
pc:window:before	3	2.09	Microsoft.CodeAnalysis.CSharp.dll	n=11;h=F4CCA210	213	8.3017	6.8481	13.7705	16476064
pc:window:before	3	2.09	System.Private.CoreLib.dll	n=11;h=3D959E9B	137	15.8965	9.7836	19.2618	26121651
pc:window:nlinq	3	1.92	CommandLine.dll	n=11;h=9289C8A6	5000	0.0091	0.0090	0.0119	19074
pc:window:nlinq	3	1.92	Humanizer.dll	n=11;h=13A97420	5000	0.0060	0.0060	0.0061	12890
pc:window:nlinq	3	1.92	Mono.Cecil.dll	n=11;h=D01076C5	5000	0.0072	0.0072	0.0073	15842
pc:window:nlinq	3	1.92	Newtonsoft.Json.dll	n=11;h=1E2EEF32	5000	0.0082	0.0082	0.0083	16690
pc:window:nlinq	3	1.92	System.Text.Json.dll	n=11;h=BA929ADB	5000	0.0083	0.0082	0.0083	16986
pc:window:nlinq	3	1.92	NuGet.Packaging.dll	n=11;h=11E00573	5000	0.0080	0.0079	0.0080	15378
pc:window:nlinq	3	1.92	Microsoft.CodeAnalysis.CSharp.dll	n=11;h=F4CCA210	5000	0.0242	0.0241	0.0255	15282
pc:window:nlinq	3	1.92	System.Private.CoreLib.dll	n=11;h=3D959E9B	5000	0.0097	0.0096	0.0100	11250
pc:window:after	3	1.92	CommandLine.dll	n=11;h=9289C8A6	5000	0.0074	0.0072	0.0104	19138
pc:window:after	3	1.92	Humanizer.dll	n=11;h=13A97420	5000	0.0055	0.0054	0.0056	12954
pc:window:after	3	1.92	Mono.Cecil.dll	n=11;h=D01076C5	5000	0.0064	0.0063	0.0066	15906
pc:window:after	3	1.92	Newtonsoft.Json.dll	n=11;h=1E2EEF32	5000	0.0073	0.0072	0.0074	16754
pc:window:after	3	1.92	System.Text.Json.dll	n=11;h=BA929ADB	5000	0.0069	0.0068	0.0071	17050
pc:window:after	3	1.92	NuGet.Packaging.dll	n=11;h=11E00573	5000	0.0064	0.0064	0.0065	15442
pc:window:after	3	1.92	Microsoft.CodeAnalysis.CSharp.dll	n=11;h=F4CCA210	5000	0.0165	0.0164	0.0169	15346
pc:window:after	3	1.92	System.Private.CoreLib.dll	n=11;h=3D959E9B	5000	0.0077	0.0076	0.0081	11314
pc:exists:before	3	1.85	CommandLine.dll	true	5000	0.1435	0.1423	0.1467	620842
pc:exists:before	3	1.85	Humanizer.dll	true	5000	0.1336	0.1326	0.1360	584074
pc:exists:before	3	1.85	Mono.Cecil.dll	true	5000	0.2222	0.2204	0.2267	830514
pc:exists:before	3	1.85	Newtonsoft.Json.dll	true	5000	0.3462	0.3423	0.3735	1352650
pc:exists:before	3	1.85	System.Text.Json.dll	true	5000	0.3246	0.3219	0.3554	1389970
pc:exists:before	3	1.85	NuGet.Packaging.dll	true	5000	0.2532	0.2515	0.2620	994650
pc:exists:before	3	1.85	Microsoft.CodeAnalysis.CSharp.dll	true	217	7.9139	6.8303	13.5738	16475566
pc:exists:before	3	1.85	System.Private.CoreLib.dll	true	135	16.1472	9.9046	19.4387	26121316
pc:exists:nlinq	3	1.72	CommandLine.dll	true	5000	0.0027	0.0025	0.0044	4370
pc:exists:nlinq	3	1.72	Humanizer.dll	true	5000	0.0017	0.0016	0.0018	4370
pc:exists:nlinq	3	1.72	Mono.Cecil.dll	true	5000	0.0017	0.0016	0.0017	4370
pc:exists:nlinq	3	1.72	Newtonsoft.Json.dll	true	5000	0.0017	0.0016	0.0017	4370
pc:exists:nlinq	3	1.72	System.Text.Json.dll	true	5000	0.0017	0.0016	0.0017	4370
pc:exists:nlinq	3	1.72	NuGet.Packaging.dll	true	5000	0.0022	0.0021	0.0023	4370
pc:exists:nlinq	3	1.72	Microsoft.CodeAnalysis.CSharp.dll	true	5000	0.0018	0.0017	0.0019	4370
pc:exists:nlinq	3	1.72	System.Private.CoreLib.dll	true	5000	0.0024	0.0023	0.0026	4370
pc:exists:after	3	1.72	CommandLine.dll	true	5000	0.0021	0.0019	0.0037	5026
pc:exists:after	3	1.72	Humanizer.dll	true	5000	0.0019	0.0018	0.0020	5026
pc:exists:after	3	1.72	Mono.Cecil.dll	true	5000	0.0019	0.0018	0.0019	5026
pc:exists:after	3	1.72	Newtonsoft.Json.dll	true	5000	0.0019	0.0017	0.0023	5026
pc:exists:after	3	1.72	System.Text.Json.dll	true	5000	0.0018	0.0017	0.0021	5026
pc:exists:after	3	1.72	NuGet.Packaging.dll	true	5000	0.0019	0.0018	0.0020	5026
pc:exists:after	3	1.72	Microsoft.CodeAnalysis.CSharp.dll	true	5000	0.0018	0.0017	0.0021	5026
pc:exists:after	3	1.72	System.Private.CoreLib.dll	true	5000	0.0024	0.0022	0.0026	5026
pc:count:before	4	1.72	CommandLine.dll	c=403	5000	0.1434	0.1418	0.1467	620858
pc:count:before	4	1.72	Humanizer.dll	c=735	5000	0.1324	0.1312	0.1351	584090
pc:count:before	4	1.72	Mono.Cecil.dll	c=992	5000	0.2193	0.2175	0.2239	830530
pc:count:before	4	1.72	Newtonsoft.Json.dll	c=1509	5000	0.3447	0.3422	0.3738	1352666
pc:count:before	4	1.72	System.Text.Json.dll	c=1337	5000	0.3267	0.3236	0.3516	1389986
pc:count:before	4	1.72	NuGet.Packaging.dll	c=999	5000	0.2545	0.2527	0.2599	994666
pc:count:before	4	1.72	Microsoft.CodeAnalysis.CSharp.dll	c=13161	218	8.2393	6.7643	13.5435	16475583
pc:count:before	4	1.72	System.Private.CoreLib.dll	c=22475	137	15.8050	9.7855	19.1922	26121231
pc:exists:after	4	1.61	CommandLine.dll	true	5000	0.0019	0.0018	0.0035	5026
pc:exists:after	4	1.61	Humanizer.dll	true	5000	0.0017	0.0016	0.0020	5026
pc:exists:after	4	1.61	Mono.Cecil.dll	true	5000	0.0017	0.0016	0.0017	5026
pc:exists:after	4	1.61	Newtonsoft.Json.dll	true	5000	0.0017	0.0016	0.0017	5026
pc:exists:after	4	1.61	System.Text.Json.dll	true	5000	0.0017	0.0016	0.0017	5026
pc:exists:after	4	1.61	NuGet.Packaging.dll	true	5000	0.0017	0.0017	0.0018	5026
pc:exists:after	4	1.61	Microsoft.CodeAnalysis.CSharp.dll	true	5000	0.0017	0.0016	0.0018	5026
pc:exists:after	4	1.61	System.Private.CoreLib.dll	true	5000	0.0023	0.0021	0.0025	5026
pc:exists:nlinq	4	1.61	CommandLine.dll	true	5000	0.0027	0.0024	0.0044	4370
pc:exists:nlinq	4	1.61	Humanizer.dll	true	5000	0.0016	0.0015	0.0017	4370
pc:exists:nlinq	4	1.61	Mono.Cecil.dll	true	5000	0.0016	0.0015	0.0017	4370
pc:exists:nlinq	4	1.61	Newtonsoft.Json.dll	true	5000	0.0016	0.0015	0.0016	4370
pc:exists:nlinq	4	1.61	System.Text.Json.dll	true	5000	0.0016	0.0015	0.0016	4370
pc:exists:nlinq	4	1.61	NuGet.Packaging.dll	true	5000	0.0021	0.0020	0.0021	4370
pc:exists:nlinq	4	1.61	Microsoft.CodeAnalysis.CSharp.dll	true	5000	0.0016	0.0016	0.0021	4370
pc:exists:nlinq	4	1.61	System.Private.CoreLib.dll	true	5000	0.0023	0.0022	0.0024	4370
pc:exists:before	4	1.61	CommandLine.dll	true	5000	0.1411	0.1399	0.1443	620842
pc:exists:before	4	1.61	Humanizer.dll	true	5000	0.1321	0.1309	0.1359	584074
pc:exists:before	4	1.61	Mono.Cecil.dll	true	5000	0.2197	0.2176	0.2349	830514
pc:exists:before	4	1.61	Newtonsoft.Json.dll	true	5000	0.3451	0.3424	0.3633	1352650
pc:exists:before	4	1.61	System.Text.Json.dll	true	5000	0.3258	0.3230	0.3361	1389970
pc:exists:before	4	1.61	NuGet.Packaging.dll	true	5000	0.2546	0.2524	0.2593	994650
pc:exists:before	4	1.61	Microsoft.CodeAnalysis.CSharp.dll	true	214	8.1404	6.7937	13.9929	16475614
pc:exists:before	4	1.61	System.Private.CoreLib.dll	true	134	15.9659	9.9236	19.7270	26121262
pc:window:after	4	1.47	CommandLine.dll	n=11;h=9289C8A6	5000	0.0074	0.0073	0.0102	19138
pc:window:after	4	1.47	Humanizer.dll	n=11;h=13A97420	5000	0.0056	0.0055	0.0057	12954
pc:window:after	4	1.47	Mono.Cecil.dll	n=11;h=D01076C5	5000	0.0064	0.0064	0.0065	15906
pc:window:after	4	1.47	Newtonsoft.Json.dll	n=11;h=1E2EEF32	5000	0.0073	0.0073	0.0074	16754
pc:window:after	4	1.47	System.Text.Json.dll	n=11;h=BA929ADB	5000	0.0068	0.0068	0.0069	17050
pc:window:after	4	1.47	NuGet.Packaging.dll	n=11;h=11E00573	5000	0.0064	0.0063	0.0065	15442
pc:window:after	4	1.47	Microsoft.CodeAnalysis.CSharp.dll	n=11;h=F4CCA210	5000	0.0165	0.0164	0.0168	15346
pc:window:after	4	1.47	System.Private.CoreLib.dll	n=11;h=3D959E9B	5000	0.0078	0.0077	0.0081	11314
pc:window:nlinq	4	1.47	CommandLine.dll	n=11;h=9289C8A6	5000	0.0096	0.0093	0.0125	19074
pc:window:nlinq	4	1.47	Humanizer.dll	n=11;h=13A97420	5000	0.0062	0.0061	0.0063	12890
pc:window:nlinq	4	1.47	Mono.Cecil.dll	n=11;h=D01076C5	5000	0.0073	0.0073	0.0074	15842
pc:window:nlinq	4	1.47	Newtonsoft.Json.dll	n=11;h=1E2EEF32	5000	0.0082	0.0082	0.0083	16690
pc:window:nlinq	4	1.47	System.Text.Json.dll	n=11;h=BA929ADB	5000	0.0083	0.0082	0.0084	16986
pc:window:nlinq	4	1.47	NuGet.Packaging.dll	n=11;h=11E00573	5000	0.0080	0.0079	0.0081	15378
pc:window:nlinq	4	1.47	Microsoft.CodeAnalysis.CSharp.dll	n=11;h=F4CCA210	5000	0.0240	0.0240	0.0243	15282
pc:window:nlinq	4	1.47	System.Private.CoreLib.dll	n=11;h=3D959E9B	5000	0.0098	0.0096	0.0102	11250
pc:window:before	4	1.47	CommandLine.dll	n=11;h=9289C8A6	5000	0.1450	0.1439	0.1483	621338
pc:window:before	4	1.47	Humanizer.dll	n=11;h=13A97420	5000	0.1339	0.1322	0.1391	584570
pc:window:before	4	1.47	Mono.Cecil.dll	n=11;h=D01076C5	5000	0.2195	0.2168	0.2241	831010
pc:window:before	4	1.47	Newtonsoft.Json.dll	n=11;h=1E2EEF32	5000	0.3457	0.3418	0.3576	1353146
pc:window:before	4	1.47	System.Text.Json.dll	n=11;h=BA929ADB	5000	0.3287	0.3260	0.3385	1390466
pc:window:before	4	1.47	NuGet.Packaging.dll	n=11;h=11E00573	5000	0.2571	0.2552	0.2632	995146
pc:window:before	4	1.47	Microsoft.CodeAnalysis.CSharp.dll	n=11;h=F4CCA210	212	8.4638	6.9212	13.6616	16476061
pc:window:before	4	1.47	System.Private.CoreLib.dll	n=11;h=3D959E9B	132	16.6218	9.9565	20.0459	26121646
pc:rows:after	4	1.40	CommandLine.dll	n=403;h=0DAD55A3	5000	0.1572	0.1560	0.1605	621730
pc:rows:after	4	1.40	Humanizer.dll	n=735;h=ABE64147	5000	0.1552	0.1532	0.1578	584962
pc:rows:after	4	1.40	Mono.Cecil.dll	n=992;h=D45F7327	5000	0.2610	0.2593	0.2649	831402
pc:rows:after	4	1.40	Newtonsoft.Json.dll	n=1509;h=30587641	4892	0.3947	0.3919	0.4046	1353538
pc:rows:after	4	1.40	System.Text.Json.dll	n=1337;h=15AB9B20	5000	0.3719	0.3691	0.3833	1390858
pc:rows:after	4	1.40	NuGet.Packaging.dll	n=999;h=910CC3CB	5000	0.2938	0.2911	0.3098	995538
pc:rows:after	4	1.40	Microsoft.CodeAnalysis.CSharp.dll	n=13161;h=20D748F8	205	8.6993	7.1813	14.4968	16476485
pc:rows:after	4	1.40	System.Private.CoreLib.dll	n=22475;h=21372B1F	131	16.5184	10.3175	20.1783	26122026
pc:rows:nlinq	4	1.31	CommandLine.dll	n=403;h=0DAD55A3	5000	0.1619	0.1606	0.1646	611426
pc:rows:nlinq	4	1.31	Humanizer.dll	n=735;h=ABE64147	5000	0.1507	0.1497	0.1534	566690
pc:rows:nlinq	4	1.31	Mono.Cecil.dll	n=992;h=D45F7327	5000	0.2547	0.2530	0.2590	806962
pc:rows:nlinq	4	1.31	Newtonsoft.Json.dll	n=1509;h=30587641	4976	0.3890	0.3850	0.4030	1316690
pc:rows:nlinq	4	1.31	System.Text.Json.dll	n=1337;h=15AB9B20	5000	0.3623	0.3582	0.3919	1358138
pc:rows:nlinq	4	1.31	NuGet.Packaging.dll	n=999;h=910CC3CB	5000	0.2957	0.2932	0.3176	970930
pc:rows:nlinq	4	1.31	Microsoft.CodeAnalysis.CSharp.dll	n=13161;h=20D748F8	213	8.4305	7.0093	13.4923	16159961
pc:rows:nlinq	4	1.31	System.Private.CoreLib.dll	n=22475;h=21372B1F	138	15.5095	10.0354	18.9579	25582008
pc:rows:before	4	1.26	CommandLine.dll	n=403;h=0DAD55A3	5000	0.1445	0.1432	0.1481	620858
pc:rows:before	4	1.26	Humanizer.dll	n=735;h=ABE64147	5000	0.1341	0.1330	0.1363	584090
pc:rows:before	4	1.26	Mono.Cecil.dll	n=992;h=D45F7327	5000	0.2234	0.2214	0.2310	830530
pc:rows:before	4	1.26	Newtonsoft.Json.dll	n=1509;h=30587641	5000	0.3455	0.3420	0.3631	1352666
pc:rows:before	4	1.26	System.Text.Json.dll	n=1337;h=15AB9B20	5000	0.3252	0.3222	0.3494	1389986
pc:rows:before	4	1.26	NuGet.Packaging.dll	n=999;h=910CC3CB	5000	0.2541	0.2520	0.2600	994666
pc:rows:before	4	1.26	Microsoft.CodeAnalysis.CSharp.dll	n=13161;h=20D748F8	218	8.2333	6.7772	13.5613	16475599
pc:rows:before	4	1.26	System.Private.CoreLib.dll	n=22475;h=21372B1F	136	16.1614	9.8785	19.5951	26121158
pc:tail:after	4	1.38	CommandLine.dll	n=6;h=2C0D37C1	5000	0.0125	0.0122	0.0147	9874
pc:tail:after	4	1.38	Humanizer.dll	n=6;h=91D17220	5000	0.0187	0.0186	0.0189	6562
pc:tail:after	4	1.38	Mono.Cecil.dll	n=6;h=3891C1A0	5000	0.0323	0.0321	0.0325	8730
pc:tail:after	4	1.38	Newtonsoft.Json.dll	n=6;h=7111BB62	5000	0.0403	0.0401	0.0414	9258
pc:tail:after	4	1.38	System.Text.Json.dll	n=6;h=51F1B225	5000	0.0336	0.0335	0.0340	10018
pc:tail:after	4	1.38	NuGet.Packaging.dll	n=6;h=233EB48F	5000	0.0302	0.0300	0.0304	6146
pc:tail:after	4	1.38	Microsoft.CodeAnalysis.CSharp.dll	n=6;h=DBA5688B	5000	0.3490	0.3473	0.3526	8898
pc:tail:after	4	1.38	System.Private.CoreLib.dll	n=6;h=BC20A3BD	4527	0.4393	0.4377	0.4432	9037
pc:tail:nlinq	4	1.43	CommandLine.dll	n=6;h=2C0D37C1	5000	0.0286	0.0283	0.0307	10122
pc:tail:nlinq	4	1.43	Humanizer.dll	n=6;h=91D17220	5000	0.0345	0.0344	0.0349	6810
pc:tail:nlinq	4	1.43	Mono.Cecil.dll	n=6;h=3891C1A0	5000	0.0660	0.0658	0.0668	8978
pc:tail:nlinq	4	1.43	Newtonsoft.Json.dll	n=6;h=7111BB62	5000	0.0852	0.0850	0.0863	9506
pc:tail:nlinq	4	1.43	System.Text.Json.dll	n=6;h=51F1B225	5000	0.0755	0.0752	0.0766	10266
pc:tail:nlinq	4	1.43	NuGet.Packaging.dll	n=6;h=233EB48F	5000	0.0708	0.0706	0.0716	6394
pc:tail:nlinq	4	1.43	Microsoft.CodeAnalysis.CSharp.dll	n=6;h=DBA5688B	2540	0.7863	0.7844	0.7922	9145
pc:tail:nlinq	4	1.43	System.Private.CoreLib.dll	n=6;h=BC20A3BD	2369	0.8420	0.8402	0.8517	9283
pc:tail:before	4	1.47	CommandLine.dll	n=6;h=2C0D37C1	5000	0.1439	0.1422	0.1561	621418
pc:tail:before	4	1.47	Humanizer.dll	n=6;h=91D17220	5000	0.1335	0.1318	0.1357	584650
pc:tail:before	4	1.47	Mono.Cecil.dll	n=6;h=3891C1A0	5000	0.2213	0.2190	0.2316	831090
pc:tail:before	4	1.47	Newtonsoft.Json.dll	n=6;h=7111BB62	5000	0.3506	0.3478	0.3591	1353226
pc:tail:before	4	1.47	System.Text.Json.dll	n=6;h=51F1B225	5000	0.3304	0.3280	0.3610	1390546
pc:tail:before	4	1.47	NuGet.Packaging.dll	n=6;h=233EB48F	5000	0.2590	0.2571	0.2652	995226
pc:tail:before	4	1.47	Microsoft.CodeAnalysis.CSharp.dll	n=6;h=DBA5688B	211	8.4286	6.9593	13.8614	16476144
pc:tail:before	4	1.47	System.Private.CoreLib.dll	n=6;h=BC20A3BD	135	15.9929	9.9106	19.3693	26121757
pc:head:after	4	1.37	CommandLine.dll	n=6;h=38398B5E	5000	0.0034	0.0032	0.0055	10338
pc:head:after	4	1.37	Humanizer.dll	n=6;h=D93A2D05	5000	0.0025	0.0024	0.0027	8338
pc:head:after	4	1.37	Mono.Cecil.dll	n=6;h=EAFAA362	5000	0.0025	0.0025	0.0025	8106
pc:head:after	4	1.37	Newtonsoft.Json.dll	n=6;h=A4332D4B	5000	0.0024	0.0023	0.0024	8050
pc:head:after	4	1.37	System.Text.Json.dll	n=6;h=7C8B77FF	5000	0.0038	0.0037	0.0038	8538
pc:head:after	4	1.37	NuGet.Packaging.dll	n=6;h=10648FC9	5000	0.0030	0.0029	0.0031	11090
pc:head:after	4	1.37	Microsoft.CodeAnalysis.CSharp.dll	n=6;h=83A9E69E	5000	0.0023	0.0023	0.0028	7642
pc:head:after	4	1.37	System.Private.CoreLib.dll	n=6;h=8CF51FF1	5000	0.0044	0.0042	0.0045	7410
pc:head:nlinq	4	1.37	CommandLine.dll	n=6;h=38398B5E	5000	0.0047	0.0045	0.0067	10274
pc:head:nlinq	4	1.37	Humanizer.dll	n=6;h=D93A2D05	5000	0.0025	0.0024	0.0027	8274
pc:head:nlinq	4	1.37	Mono.Cecil.dll	n=6;h=EAFAA362	5000	0.0025	0.0025	0.0026	8042
pc:head:nlinq	4	1.37	Newtonsoft.Json.dll	n=6;h=A4332D4B	5000	0.0024	0.0024	0.0025	7986
pc:head:nlinq	4	1.37	System.Text.Json.dll	n=6;h=7C8B77FF	5000	0.0047	0.0046	0.0047	8474
pc:head:nlinq	4	1.37	NuGet.Packaging.dll	n=6;h=10648FC9	5000	0.0038	0.0037	0.0039	11026
pc:head:nlinq	4	1.37	Microsoft.CodeAnalysis.CSharp.dll	n=6;h=83A9E69E	5000	0.0025	0.0024	0.0028	7578
pc:head:nlinq	4	1.37	System.Private.CoreLib.dll	n=6;h=8CF51FF1	5000	0.0055	0.0053	0.0056	7346
pc:head:before	4	1.37	CommandLine.dll	n=6;h=38398B5E	5000	0.1459	0.1447	0.1532	621146
pc:head:before	4	1.37	Humanizer.dll	n=6;h=D93A2D05	5000	0.1344	0.1332	0.1370	584378
pc:head:before	4	1.37	Mono.Cecil.dll	n=6;h=EAFAA362	5000	0.2226	0.2206	0.2276	830818
pc:head:before	4	1.37	Newtonsoft.Json.dll	n=6;h=A4332D4B	5000	0.3494	0.3471	0.3589	1352954
pc:head:before	4	1.37	System.Text.Json.dll	n=6;h=7C8B77FF	5000	0.3291	0.3268	0.3378	1390274
pc:head:before	4	1.37	NuGet.Packaging.dll	n=6;h=10648FC9	5000	0.2588	0.2566	0.2634	994954
pc:head:before	4	1.37	Microsoft.CodeAnalysis.CSharp.dll	n=6;h=83A9E69E	213	8.2908	6.7776	13.7368	16475883
pc:head:before	4	1.37	System.Private.CoreLib.dll	n=6;h=8CF51FF1	138	15.2290	9.7762	19.3226	26121506
pc:count:after	4	1.31	CommandLine.dll	c=403	5000	0.0138	0.0132	0.0159	5018
pc:count:after	4	1.31	Humanizer.dll	c=735	5000	0.0229	0.0227	0.0231	5018
pc:count:after	4	1.31	Mono.Cecil.dll	c=992	5000	0.0406	0.0403	0.0409	5018
pc:count:after	4	1.31	Newtonsoft.Json.dll	c=1509	5000	0.0499	0.0498	0.0502	5018
pc:count:after	4	1.31	System.Text.Json.dll	c=1337	5000	0.0445	0.0444	0.0447	5018
pc:count:after	4	1.31	NuGet.Packaging.dll	c=999	5000	0.0388	0.0385	0.0393	5018
pc:count:after	4	1.31	Microsoft.CodeAnalysis.CSharp.dll	c=13161	4110	0.4862	0.4848	0.4880	5023
pc:count:after	4	1.31	System.Private.CoreLib.dll	c=22475	3657	0.5467	0.5452	0.5479	5009
pc:count:nlinq	4	1.29	CommandLine.dll	c=403	5000	0.0173	0.0171	0.0190	4362
pc:count:nlinq	4	1.29	Humanizer.dll	c=735	5000	0.0231	0.0229	0.0234	4362
pc:count:nlinq	4	1.29	Mono.Cecil.dll	c=992	5000	0.0429	0.0428	0.0436	4362
pc:count:nlinq	4	1.29	Newtonsoft.Json.dll	c=1509	5000	0.0542	0.0540	0.0554	4362
pc:count:nlinq	4	1.29	System.Text.Json.dll	c=1337	5000	0.0469	0.0463	0.0478	4362
pc:count:nlinq	4	1.29	NuGet.Packaging.dll	c=999	5000	0.0434	0.0432	0.0441	4362
pc:count:nlinq	4	1.29	Microsoft.CodeAnalysis.CSharp.dll	c=13161	4062	0.4910	0.4893	0.4967	4352
pc:count:nlinq	4	1.29	System.Private.CoreLib.dll	c=22475	3569	0.5567	0.5492	0.5626	4354
pc:count:after	5	1.26	CommandLine.dll	c=403	5000	0.0137	0.0133	0.0152	5018
pc:count:after	5	1.26	Humanizer.dll	c=735	5000	0.0230	0.0228	0.0232	5018
pc:count:after	5	1.26	Mono.Cecil.dll	c=992	5000	0.0412	0.0411	0.0414	5018
pc:count:after	5	1.26	Newtonsoft.Json.dll	c=1509	5000	0.0508	0.0507	0.0511	5018
pc:count:after	5	1.26	System.Text.Json.dll	c=1337	5000	0.0452	0.0450	0.0455	5018
pc:count:after	5	1.26	NuGet.Packaging.dll	c=999	5000	0.0391	0.0390	0.0395	5018
pc:count:after	5	1.26	Microsoft.CodeAnalysis.CSharp.dll	c=13161	4072	0.4909	0.4895	0.4924	5008
pc:count:after	5	1.26	System.Private.CoreLib.dll	c=22475	3593	0.5545	0.5529	0.5564	5010
pc:head:before	5	1.24	CommandLine.dll	n=6;h=38398B5E	5000	0.1439	0.1428	0.1492	621146
pc:head:before	5	1.24	Humanizer.dll	n=6;h=D93A2D05	5000	0.1338	0.1330	0.1358	584378
pc:head:before	5	1.24	Mono.Cecil.dll	n=6;h=EAFAA362	5000	0.2218	0.2199	0.2358	830818
pc:head:before	5	1.24	Newtonsoft.Json.dll	n=6;h=A4332D4B	5000	0.3474	0.3449	0.3661	1352954
pc:head:before	5	1.24	System.Text.Json.dll	n=6;h=7C8B77FF	5000	0.3283	0.3259	0.3380	1390274
pc:head:before	5	1.24	NuGet.Packaging.dll	n=6;h=10648FC9	5000	0.2579	0.2561	0.2626	994954
pc:head:before	5	1.24	Microsoft.CodeAnalysis.CSharp.dll	n=6;h=83A9E69E	215	8.0113	6.8082	13.6805	16475870
pc:head:before	5	1.24	System.Private.CoreLib.dll	n=6;h=8CF51FF1	136	15.6430	9.9600	19.6249	26121390
pc:head:nlinq	5	1.20	CommandLine.dll	n=6;h=38398B5E	5000	0.0047	0.0045	0.0068	10274
pc:head:nlinq	5	1.20	Humanizer.dll	n=6;h=D93A2D05	5000	0.0025	0.0024	0.0026	8274
pc:head:nlinq	5	1.20	Mono.Cecil.dll	n=6;h=EAFAA362	5000	0.0026	0.0026	0.0026	8042
pc:head:nlinq	5	1.20	Newtonsoft.Json.dll	n=6;h=A4332D4B	5000	0.0025	0.0024	0.0025	7986
pc:head:nlinq	5	1.20	System.Text.Json.dll	n=6;h=7C8B77FF	5000	0.0047	0.0047	0.0049	8474
pc:head:nlinq	5	1.20	NuGet.Packaging.dll	n=6;h=10648FC9	5000	0.0038	0.0038	0.0040	11026
pc:head:nlinq	5	1.20	Microsoft.CodeAnalysis.CSharp.dll	n=6;h=83A9E69E	5000	0.0025	0.0024	0.0029	7578
pc:head:nlinq	5	1.20	System.Private.CoreLib.dll	n=6;h=8CF51FF1	5000	0.0056	0.0053	0.0057	7346
pc:head:after	5	1.19	CommandLine.dll	n=6;h=38398B5E	5000	0.0035	0.0033	0.0055	10338
pc:head:after	5	1.19	Humanizer.dll	n=6;h=D93A2D05	5000	0.0027	0.0026	0.0029	8338
pc:head:after	5	1.19	Mono.Cecil.dll	n=6;h=EAFAA362	5000	0.0028	0.0026	0.0029	8106
pc:head:after	5	1.19	Newtonsoft.Json.dll	n=6;h=A4332D4B	5000	0.0025	0.0025	0.0026	8050
pc:head:after	5	1.19	System.Text.Json.dll	n=6;h=7C8B77FF	5000	0.0039	0.0039	0.0040	8538
pc:head:after	5	1.19	NuGet.Packaging.dll	n=6;h=10648FC9	5000	0.0031	0.0031	0.0032	11090
pc:head:after	5	1.19	Microsoft.CodeAnalysis.CSharp.dll	n=6;h=83A9E69E	5000	0.0025	0.0024	0.0029	7642
pc:head:after	5	1.19	System.Private.CoreLib.dll	n=6;h=8CF51FF1	5000	0.0044	0.0042	0.0046	7410
pc:tail:before	5	1.19	CommandLine.dll	n=6;h=2C0D37C1	5000	0.1451	0.1441	0.1478	621418
pc:tail:before	5	1.19	Humanizer.dll	n=6;h=91D17220	5000	0.1345	0.1336	0.1371	584650
pc:tail:before	5	1.19	Mono.Cecil.dll	n=6;h=3891C1A0	5000	0.2217	0.2195	0.2293	831090
pc:tail:before	5	1.19	Newtonsoft.Json.dll	n=6;h=7111BB62	5000	0.3490	0.3464	0.3589	1353226
pc:tail:before	5	1.19	System.Text.Json.dll	n=6;h=51F1B225	5000	0.3298	0.3272	0.3408	1390546
pc:tail:before	5	1.19	NuGet.Packaging.dll	n=6;h=233EB48F	5000	0.2591	0.2572	0.2646	995226
pc:tail:before	5	1.19	Microsoft.CodeAnalysis.CSharp.dll	n=6;h=DBA5688B	215	7.9736	6.7573	13.8101	16476146
pc:tail:before	5	1.19	System.Private.CoreLib.dll	n=6;h=BC20A3BD	133	16.1842	9.9218	19.7164	26121731
pc:tail:nlinq	5	1.16	CommandLine.dll	n=6;h=2C0D37C1	5000	0.0290	0.0287	0.0311	10122
pc:tail:nlinq	5	1.16	Humanizer.dll	n=6;h=91D17220	5000	0.0349	0.0346	0.0353	6810
pc:tail:nlinq	5	1.16	Mono.Cecil.dll	n=6;h=3891C1A0	5000	0.0658	0.0657	0.0665	8978
pc:tail:nlinq	5	1.16	Newtonsoft.Json.dll	n=6;h=7111BB62	5000	0.0853	0.0852	0.0863	9506
pc:tail:nlinq	5	1.16	System.Text.Json.dll	n=6;h=51F1B225	5000	0.0752	0.0749	0.0763	10266
pc:tail:nlinq	5	1.16	NuGet.Packaging.dll	n=6;h=233EB48F	5000	0.0705	0.0702	0.0712	6394
pc:tail:nlinq	5	1.16	Microsoft.CodeAnalysis.CSharp.dll	n=6;h=DBA5688B	2549	0.7817	0.7798	0.7889	9145
pc:tail:nlinq	5	1.16	System.Private.CoreLib.dll	n=6;h=BC20A3BD	2384	0.8382	0.8278	0.8451	9283
pc:tail:after	5	1.14	CommandLine.dll	n=6;h=2C0D37C1	5000	0.0128	0.0123	0.0150	9874
pc:tail:after	5	1.14	Humanizer.dll	n=6;h=91D17220	5000	0.0185	0.0184	0.0188	6562
pc:tail:after	5	1.14	Mono.Cecil.dll	n=6;h=3891C1A0	5000	0.0320	0.0319	0.0323	8730
pc:tail:after	5	1.14	Newtonsoft.Json.dll	n=6;h=7111BB62	5000	0.0401	0.0399	0.0412	9258
pc:tail:after	5	1.14	System.Text.Json.dll	n=6;h=51F1B225	5000	0.0337	0.0335	0.0341	10018
pc:tail:after	5	1.14	NuGet.Packaging.dll	n=6;h=233EB48F	5000	0.0300	0.0298	0.0303	6146
pc:tail:after	5	1.14	Microsoft.CodeAnalysis.CSharp.dll	n=6;h=DBA5688B	5000	0.3476	0.3455	0.3533	8898
pc:tail:after	5	1.14	System.Private.CoreLib.dll	n=6;h=BC20A3BD	4536	0.4371	0.4344	0.4458	9036
pc:rows:before	5	1.13	CommandLine.dll	n=403;h=0DAD55A3	5000	0.1444	0.1433	0.1470	620858
pc:rows:before	5	1.13	Humanizer.dll	n=735;h=ABE64147	5000	0.1338	0.1327	0.1363	584090
pc:rows:before	5	1.13	Mono.Cecil.dll	n=992;h=D45F7327	5000	0.2216	0.2198	0.2263	830530
pc:rows:before	5	1.13	Newtonsoft.Json.dll	n=1509;h=30587641	5000	0.3494	0.3470	0.3587	1352666
pc:rows:before	5	1.13	System.Text.Json.dll	n=1337;h=15AB9B20	5000	0.3290	0.3265	0.3377	1389986
pc:rows:before	5	1.13	NuGet.Packaging.dll	n=999;h=910CC3CB	5000	0.2571	0.2553	0.2616	994666
pc:rows:before	5	1.13	Microsoft.CodeAnalysis.CSharp.dll	n=13161;h=20D748F8	216	8.1380	6.7641	13.6768	16475619
pc:rows:before	5	1.13	System.Private.CoreLib.dll	n=22475;h=21372B1F	136	15.5706	9.8480	19.1678	26121148
pc:rows:nlinq	5	1.19	CommandLine.dll	n=403;h=0DAD55A3	5000	0.1618	0.1608	0.1651	611426
pc:rows:nlinq	5	1.19	Humanizer.dll	n=735;h=ABE64147	5000	0.1503	0.1481	0.1535	566690
pc:rows:nlinq	5	1.19	Mono.Cecil.dll	n=992;h=D45F7327	5000	0.2517	0.2497	0.2565	806962
pc:rows:nlinq	5	1.19	Newtonsoft.Json.dll	n=1509;h=30587641	5000	0.3851	0.3823	0.3957	1316690
pc:rows:nlinq	5	1.19	System.Text.Json.dll	n=1337;h=15AB9B20	5000	0.3614	0.3576	0.3917	1358138
pc:rows:nlinq	5	1.19	NuGet.Packaging.dll	n=999;h=910CC3CB	5000	0.2918	0.2894	0.3005	970930
pc:rows:nlinq	5	1.19	Microsoft.CodeAnalysis.CSharp.dll	n=13161;h=20D748F8	217	8.5140	6.9713	13.2744	16159987
pc:rows:nlinq	5	1.19	System.Private.CoreLib.dll	n=22475;h=21372B1F	138	15.1222	10.0406	18.9475	25581964
pc:rows:after	5	1.15	CommandLine.dll	n=403;h=0DAD55A3	5000	0.1562	0.1545	0.1600	621730
pc:rows:after	5	1.15	Humanizer.dll	n=735;h=ABE64147	5000	0.1519	0.1511	0.1541	584962
pc:rows:after	5	1.15	Mono.Cecil.dll	n=992;h=D45F7327	5000	0.2562	0.2545	0.2615	831402
pc:rows:after	5	1.15	Newtonsoft.Json.dll	n=1509;h=30587641	4913	0.3939	0.3849	0.4226	1353538
pc:rows:after	5	1.15	System.Text.Json.dll	n=1337;h=15AB9B20	5000	0.3711	0.3681	0.4126	1390858
pc:rows:after	5	1.15	NuGet.Packaging.dll	n=999;h=910CC3CB	5000	0.2910	0.2881	0.2980	995538
pc:rows:after	5	1.15	Microsoft.CodeAnalysis.CSharp.dll	n=13161;h=20D748F8	203	8.6667	7.3768	14.1995	16476472
pc:rows:after	5	1.15	System.Private.CoreLib.dll	n=22475;h=21372B1F	132	16.5445	10.2970	20.1950	26122044
pc:window:before	5	1.13	CommandLine.dll	n=11;h=9289C8A6	5000	0.1427	0.1416	0.1469	621338
pc:window:before	5	1.13	Humanizer.dll	n=11;h=13A97420	5000	0.1326	0.1316	0.1435	584570
pc:window:before	5	1.13	Mono.Cecil.dll	n=11;h=D01076C5	5000	0.2191	0.2171	0.2242	831010
pc:window:before	5	1.13	Newtonsoft.Json.dll	n=11;h=1E2EEF32	5000	0.3442	0.3415	0.3653	1353146
pc:window:before	5	1.13	System.Text.Json.dll	n=11;h=BA929ADB	5000	0.3252	0.3230	0.3341	1390466
pc:window:before	5	1.13	NuGet.Packaging.dll	n=11;h=11E00573	5000	0.2554	0.2536	0.2616	995146
pc:window:before	5	1.13	Microsoft.CodeAnalysis.CSharp.dll	n=11;h=F4CCA210	215	8.0551	6.7733	13.6832	16476065
pc:window:before	5	1.13	System.Private.CoreLib.dll	n=11;h=3D959E9B	134	15.9513	9.9442	19.4704	26121785
pc:window:nlinq	5	1.10	CommandLine.dll	n=11;h=9289C8A6	5000	0.0095	0.0091	0.0123	19074
pc:window:nlinq	5	1.10	Humanizer.dll	n=11;h=13A97420	5000	0.0062	0.0061	0.0062	12890
pc:window:nlinq	5	1.10	Mono.Cecil.dll	n=11;h=D01076C5	5000	0.0073	0.0072	0.0074	15842
pc:window:nlinq	5	1.10	Newtonsoft.Json.dll	n=11;h=1E2EEF32	5000	0.0083	0.0082	0.0084	16690
pc:window:nlinq	5	1.10	System.Text.Json.dll	n=11;h=BA929ADB	5000	0.0083	0.0082	0.0084	16986
pc:window:nlinq	5	1.10	NuGet.Packaging.dll	n=11;h=11E00573	5000	0.0081	0.0080	0.0081	15378
pc:window:nlinq	5	1.10	Microsoft.CodeAnalysis.CSharp.dll	n=11;h=F4CCA210	5000	0.0243	0.0242	0.0245	15282
pc:window:nlinq	5	1.10	System.Private.CoreLib.dll	n=11;h=3D959E9B	5000	0.0097	0.0096	0.0101	11250
pc:window:after	5	1.10	CommandLine.dll	n=11;h=9289C8A6	5000	0.0076	0.0073	0.0104	19138
pc:window:after	5	1.10	Humanizer.dll	n=11;h=13A97420	5000	0.0056	0.0055	0.0056	12954
pc:window:after	5	1.10	Mono.Cecil.dll	n=11;h=D01076C5	5000	0.0064	0.0064	0.0065	15906
pc:window:after	5	1.10	Newtonsoft.Json.dll	n=11;h=1E2EEF32	5000	0.0073	0.0073	0.0074	16754
pc:window:after	5	1.10	System.Text.Json.dll	n=11;h=BA929ADB	5000	0.0068	0.0068	0.0069	17050
pc:window:after	5	1.10	NuGet.Packaging.dll	n=11;h=11E00573	5000	0.0064	0.0064	0.0065	15442
pc:window:after	5	1.10	Microsoft.CodeAnalysis.CSharp.dll	n=11;h=F4CCA210	5000	0.0165	0.0164	0.0168	15346
pc:window:after	5	1.10	System.Private.CoreLib.dll	n=11;h=3D959E9B	5000	0.0079	0.0077	0.0082	11314
pc:exists:before	5	1.10	CommandLine.dll	true	5000	0.1431	0.1419	0.1464	620842
pc:exists:before	5	1.10	Humanizer.dll	true	5000	0.1338	0.1327	0.1381	584074
pc:exists:before	5	1.10	Mono.Cecil.dll	true	5000	0.2211	0.2192	0.2254	830514
pc:exists:before	5	1.10	Newtonsoft.Json.dll	true	5000	0.3486	0.3461	0.3578	1352650
pc:exists:before	5	1.10	System.Text.Json.dll	true	5000	0.3292	0.3262	0.3426	1389970
pc:exists:before	5	1.10	NuGet.Packaging.dll	true	5000	0.2558	0.2541	0.2609	994650
pc:exists:before	5	1.10	Microsoft.CodeAnalysis.CSharp.dll	true	212	8.2177	6.7514	13.8917	16475599
pc:exists:before	5	1.10	System.Private.CoreLib.dll	true	134	16.0974	9.7966	19.6754	26121236
pc:exists:nlinq	5	1.08	CommandLine.dll	true	5000	0.0027	0.0025	0.0045	4370
pc:exists:nlinq	5	1.08	Humanizer.dll	true	5000	0.0016	0.0015	0.0018	4370
pc:exists:nlinq	5	1.08	Mono.Cecil.dll	true	5000	0.0016	0.0015	0.0017	4370
pc:exists:nlinq	5	1.08	Newtonsoft.Json.dll	true	5000	0.0016	0.0016	0.0017	4370
pc:exists:nlinq	5	1.08	System.Text.Json.dll	true	5000	0.0016	0.0016	0.0017	4370
pc:exists:nlinq	5	1.08	NuGet.Packaging.dll	true	5000	0.0022	0.0021	0.0022	4370
pc:exists:nlinq	5	1.08	Microsoft.CodeAnalysis.CSharp.dll	true	5000	0.0017	0.0016	0.0022	4370
pc:exists:nlinq	5	1.08	System.Private.CoreLib.dll	true	5000	0.0023	0.0022	0.0025	4370
pc:exists:after	5	1.08	CommandLine.dll	true	5000	0.0020	0.0019	0.0037	5026
pc:exists:after	5	1.08	Humanizer.dll	true	5000	0.0018	0.0017	0.0021	5026
pc:exists:after	5	1.08	Mono.Cecil.dll	true	5000	0.0017	0.0016	0.0020	5026
pc:exists:after	5	1.08	Newtonsoft.Json.dll	true	5000	0.0017	0.0016	0.0018	5026
pc:exists:after	5	1.08	System.Text.Json.dll	true	5000	0.0017	0.0016	0.0017	5026
pc:exists:after	5	1.08	NuGet.Packaging.dll	true	5000	0.0017	0.0017	0.0018	5026
pc:exists:after	5	1.08	Microsoft.CodeAnalysis.CSharp.dll	true	5000	0.0017	0.0016	0.0018	5026
pc:exists:after	5	1.08	System.Private.CoreLib.dll	true	5000	0.0023	0.0022	0.0025	5026
pc:count:before	5	1.08	CommandLine.dll	c=403	5000	0.1423	0.1409	0.1456	620858
pc:count:before	5	1.08	Humanizer.dll	c=735	5000	0.1318	0.1307	0.1345	584090
pc:count:before	5	1.08	Mono.Cecil.dll	c=992	5000	0.2177	0.2158	0.2250	830530
pc:count:before	5	1.08	Newtonsoft.Json.dll	c=1509	5000	0.3413	0.3386	0.3500	1352666
pc:count:before	5	1.08	System.Text.Json.dll	c=1337	5000	0.3215	0.3187	0.3305	1389986
pc:count:before	5	1.08	NuGet.Packaging.dll	c=999	5000	0.2512	0.2493	0.2564	994666
pc:count:before	5	1.08	Microsoft.CodeAnalysis.CSharp.dll	c=13161	215	8.3010	6.7130	13.6166	16475581
pc:count:before	5	1.08	System.Private.CoreLib.dll	c=22475	135	16.0082	9.8290	19.7052	26121140
pc:count:nlinq	5	1.07	CommandLine.dll	c=403	5000	0.0177	0.0170	0.0192	4362
pc:count:nlinq	5	1.07	Humanizer.dll	c=735	5000	0.0229	0.0228	0.0233	4362
pc:count:nlinq	5	1.07	Mono.Cecil.dll	c=992	5000	0.0427	0.0420	0.0432	4362
pc:count:nlinq	5	1.07	Newtonsoft.Json.dll	c=1509	5000	0.0531	0.0530	0.0541	4362
pc:count:nlinq	5	1.07	System.Text.Json.dll	c=1337	5000	0.0461	0.0459	0.0469	4362
pc:count:nlinq	5	1.07	NuGet.Packaging.dll	c=999	5000	0.0433	0.0431	0.0440	4362
pc:count:nlinq	5	1.07	Microsoft.CodeAnalysis.CSharp.dll	c=13161	4065	0.4911	0.4876	0.4953	4352
pc:count:nlinq	5	1.07	System.Private.CoreLib.dll	c=22475	3604	0.5536	0.5519	0.5579	4354
pc:count:after	6	1.06	CommandLine.dll	c=403	5000	0.0137	0.0134	0.0153	5018
pc:count:after	6	1.06	Humanizer.dll	c=735	5000	0.0227	0.0226	0.0230	5018
pc:count:after	6	1.06	Mono.Cecil.dll	c=992	5000	0.0405	0.0404	0.0407	5018
pc:count:after	6	1.06	Newtonsoft.Json.dll	c=1509	5000	0.0501	0.0500	0.0504	5018
pc:count:after	6	1.06	System.Text.Json.dll	c=1337	5000	0.0449	0.0446	0.0458	5018
pc:count:after	6	1.06	NuGet.Packaging.dll	c=999	5000	0.0388	0.0386	0.0390	5018
pc:count:after	6	1.06	Microsoft.CodeAnalysis.CSharp.dll	c=13161	4133	0.4834	0.4821	0.4851	5023
pc:count:after	6	1.06	System.Private.CoreLib.dll	c=22475	3644	0.5475	0.5459	0.5490	5010
pc:count:nlinq	6	1.06	CommandLine.dll	c=403	5000	0.0174	0.0171	0.0190	4362
pc:count:nlinq	6	1.06	Humanizer.dll	c=735	5000	0.0230	0.0228	0.0233	4362
pc:count:nlinq	6	1.06	Mono.Cecil.dll	c=992	5000	0.0425	0.0419	0.0431	4362
pc:count:nlinq	6	1.06	Newtonsoft.Json.dll	c=1509	5000	0.0534	0.0533	0.0544	4362
pc:count:nlinq	6	1.06	System.Text.Json.dll	c=1337	5000	0.0463	0.0461	0.0471	4362
pc:count:nlinq	6	1.06	NuGet.Packaging.dll	c=999	5000	0.0433	0.0431	0.0440	4362
pc:count:nlinq	6	1.06	Microsoft.CodeAnalysis.CSharp.dll	c=13161	4075	0.4885	0.4858	0.4961	4352
pc:count:nlinq	6	1.06	System.Private.CoreLib.dll	c=22475	3629	0.5493	0.5477	0.5540	4354
pc:count:before	6	1.05	CommandLine.dll	c=403	5000	0.1421	0.1404	0.1543	620858
pc:count:before	6	1.05	Humanizer.dll	c=735	5000	0.1319	0.1310	0.1341	584090
pc:count:before	6	1.05	Mono.Cecil.dll	c=992	5000	0.2197	0.2179	0.2256	830530
pc:count:before	6	1.05	Newtonsoft.Json.dll	c=1509	5000	0.3452	0.3427	0.3599	1352666
pc:count:before	6	1.05	System.Text.Json.dll	c=1337	5000	0.3261	0.3236	0.3359	1389986
pc:count:before	6	1.05	NuGet.Packaging.dll	c=999	5000	0.2552	0.2532	0.2843	994666
pc:count:before	6	1.05	Microsoft.CodeAnalysis.CSharp.dll	c=13161	215	8.3011	6.8182	13.7693	16475608
pc:count:before	6	1.05	System.Private.CoreLib.dll	c=22475	135	15.9332	9.8705	19.5583	26121264
pc:exists:after	6	1.04	CommandLine.dll	true	5000	0.0019	0.0017	0.0037	5026
pc:exists:after	6	1.04	Humanizer.dll	true	5000	0.0017	0.0016	0.0018	5026
pc:exists:after	6	1.04	Mono.Cecil.dll	true	5000	0.0017	0.0016	0.0018	5026
pc:exists:after	6	1.04	Newtonsoft.Json.dll	true	5000	0.0017	0.0016	0.0018	5026
pc:exists:after	6	1.04	System.Text.Json.dll	true	5000	0.0017	0.0016	0.0018	5026
pc:exists:after	6	1.04	NuGet.Packaging.dll	true	5000	0.0018	0.0017	0.0018	5026
pc:exists:after	6	1.04	Microsoft.CodeAnalysis.CSharp.dll	true	5000	0.0017	0.0016	0.0018	5026
pc:exists:after	6	1.04	System.Private.CoreLib.dll	true	5000	0.0023	0.0021	0.0025	5026
pc:exists:nlinq	6	1.04	CommandLine.dll	true	5000	0.0026	0.0024	0.0042	4370
pc:exists:nlinq	6	1.04	Humanizer.dll	true	5000	0.0016	0.0015	0.0018	4370
pc:exists:nlinq	6	1.04	Mono.Cecil.dll	true	5000	0.0016	0.0015	0.0016	4370
pc:exists:nlinq	6	1.04	Newtonsoft.Json.dll	true	5000	0.0016	0.0015	0.0016	4370
pc:exists:nlinq	6	1.04	System.Text.Json.dll	true	5000	0.0016	0.0015	0.0016	4370
pc:exists:nlinq	6	1.04	NuGet.Packaging.dll	true	5000	0.0021	0.0020	0.0021	4370
pc:exists:nlinq	6	1.04	Microsoft.CodeAnalysis.CSharp.dll	true	5000	0.0016	0.0016	0.0021	4370
pc:exists:nlinq	6	1.04	System.Private.CoreLib.dll	true	5000	0.0023	0.0022	0.0025	4370
pc:exists:before	6	1.04	CommandLine.dll	true	5000	0.1443	0.1427	0.1475	620842
pc:exists:before	6	1.04	Humanizer.dll	true	5000	0.1344	0.1334	0.1370	584074
pc:exists:before	6	1.04	Mono.Cecil.dll	true	5000	0.2234	0.2212	0.2310	830514
pc:exists:before	6	1.04	Newtonsoft.Json.dll	true	5000	0.3493	0.3462	0.3619	1352650
pc:exists:before	6	1.04	System.Text.Json.dll	true	5000	0.3294	0.3268	0.3389	1389970
pc:exists:before	6	1.04	NuGet.Packaging.dll	true	5000	0.2579	0.2556	0.2639	994650
pc:exists:before	6	1.04	Microsoft.CodeAnalysis.CSharp.dll	true	212	8.2526	6.8613	13.8503	16475565
pc:exists:before	6	1.04	System.Private.CoreLib.dll	true	135	16.1323	9.9531	19.7648	26121126
pc:window:after	6	1.03	CommandLine.dll	n=11;h=9289C8A6	5000	0.0074	0.0072	0.0106	19138
pc:window:after	6	1.03	Humanizer.dll	n=11;h=13A97420	5000	0.0056	0.0055	0.0056	12954
pc:window:after	6	1.03	Mono.Cecil.dll	n=11;h=D01076C5	5000	0.0064	0.0063	0.0065	15906
pc:window:after	6	1.03	Newtonsoft.Json.dll	n=11;h=1E2EEF32	5000	0.0077	0.0073	0.0080	16754
pc:window:after	6	1.03	System.Text.Json.dll	n=11;h=BA929ADB	5000	0.0071	0.0068	0.0075	17050
pc:window:after	6	1.03	NuGet.Packaging.dll	n=11;h=11E00573	5000	0.0065	0.0064	0.0067	15442
pc:window:after	6	1.03	Microsoft.CodeAnalysis.CSharp.dll	n=11;h=F4CCA210	5000	0.0166	0.0164	0.0169	15346
pc:window:after	6	1.03	System.Private.CoreLib.dll	n=11;h=3D959E9B	5000	0.0079	0.0077	0.0082	11314
pc:window:nlinq	6	1.03	CommandLine.dll	n=11;h=9289C8A6	5000	0.0094	0.0090	0.0124	19074
pc:window:nlinq	6	1.03	Humanizer.dll	n=11;h=13A97420	5000	0.0060	0.0059	0.0061	12890
pc:window:nlinq	6	1.03	Mono.Cecil.dll	n=11;h=D01076C5	5000	0.0072	0.0072	0.0073	15842
pc:window:nlinq	6	1.03	Newtonsoft.Json.dll	n=11;h=1E2EEF32	5000	0.0082	0.0081	0.0083	16690
pc:window:nlinq	6	1.03	System.Text.Json.dll	n=11;h=BA929ADB	5000	0.0082	0.0082	0.0083	16986
pc:window:nlinq	6	1.03	NuGet.Packaging.dll	n=11;h=11E00573	5000	0.0080	0.0079	0.0081	15378
pc:window:nlinq	6	1.03	Microsoft.CodeAnalysis.CSharp.dll	n=11;h=F4CCA210	5000	0.0240	0.0239	0.0253	15282
pc:window:nlinq	6	1.03	System.Private.CoreLib.dll	n=11;h=3D959E9B	5000	0.0096	0.0095	0.0100	11250
pc:window:before	6	1.03	CommandLine.dll	n=11;h=9289C8A6	5000	0.1442	0.1433	0.1493	621338
pc:window:before	6	1.03	Humanizer.dll	n=11;h=13A97420	5000	0.1346	0.1338	0.1371	584570
pc:window:before	6	1.03	Mono.Cecil.dll	n=11;h=D01076C5	5000	0.2222	0.2205	0.2272	831010
pc:window:before	6	1.03	Newtonsoft.Json.dll	n=11;h=1E2EEF32	5000	0.3492	0.3463	0.3592	1353146
pc:window:before	6	1.03	System.Text.Json.dll	n=11;h=BA929ADB	5000	0.3299	0.3272	0.3417	1390466
pc:window:before	6	1.03	NuGet.Packaging.dll	n=11;h=11E00573	5000	0.2581	0.2561	0.2716	995146
pc:window:before	6	1.03	Microsoft.CodeAnalysis.CSharp.dll	n=11;h=F4CCA210	213	8.4221	6.9185	13.6065	16476061
pc:window:before	6	1.03	System.Private.CoreLib.dll	n=11;h=3D959E9B	135	16.0614	9.8655	19.7584	26121529
pc:rows:after	6	1.03	CommandLine.dll	n=403;h=0DAD55A3	5000	0.1566	0.1555	0.1614	621730
pc:rows:after	6	1.03	Humanizer.dll	n=735;h=ABE64147	5000	0.1547	0.1539	0.1573	584962
pc:rows:after	6	1.03	Mono.Cecil.dll	n=992;h=D45F7327	5000	0.2613	0.2596	0.2664	831402
pc:rows:after	6	1.03	Newtonsoft.Json.dll	n=1509;h=30587641	4896	0.3909	0.3859	0.4390	1353538
pc:rows:after	6	1.03	System.Text.Json.dll	n=1337;h=15AB9B20	5000	0.3638	0.3605	0.3771	1390858
pc:rows:after	6	1.03	NuGet.Packaging.dll	n=999;h=910CC3CB	5000	0.2929	0.2874	0.3030	995538
pc:rows:after	6	1.03	Microsoft.CodeAnalysis.CSharp.dll	n=13161;h=20D748F8	204	8.8197	7.3512	14.1359	16476454
pc:rows:after	6	1.03	System.Private.CoreLib.dll	n=22475;h=21372B1F	132	16.5051	10.2971	19.8666	26122029
pc:rows:nlinq	6	1.02	CommandLine.dll	n=403;h=0DAD55A3	5000	0.1602	0.1590	0.1637	611426
pc:rows:nlinq	6	1.02	Humanizer.dll	n=735;h=ABE64147	5000	0.1512	0.1498	0.1555	566690
pc:rows:nlinq	6	1.02	Mono.Cecil.dll	n=992;h=D45F7327	5000	0.2556	0.2537	0.2648	806962
pc:rows:nlinq	6	1.02	Newtonsoft.Json.dll	n=1509;h=30587641	4917	0.3947	0.3896	0.4065	1316690
pc:rows:nlinq	6	1.02	System.Text.Json.dll	n=1337;h=15AB9B20	5000	0.3686	0.3636	0.3891	1358138
pc:rows:nlinq	6	1.02	NuGet.Packaging.dll	n=999;h=910CC3CB	5000	0.2971	0.2935	0.3058	970930
pc:rows:nlinq	6	1.02	Microsoft.CodeAnalysis.CSharp.dll	n=13161;h=20D748F8	217	8.0608	6.8864	13.3800	16159957
pc:rows:nlinq	6	1.02	System.Private.CoreLib.dll	n=22475;h=21372B1F	138	14.6648	9.9818	18.9339	25581953
pc:rows:before	6	1.10	CommandLine.dll	n=403;h=0DAD55A3	5000	0.1453	0.1438	0.1486	620858
pc:rows:before	6	1.10	Humanizer.dll	n=735;h=ABE64147	5000	0.1351	0.1336	0.1380	584090
pc:rows:before	6	1.10	Mono.Cecil.dll	n=992;h=D45F7327	5000	0.2234	0.2211	0.2285	830530
pc:rows:before	6	1.10	Newtonsoft.Json.dll	n=1509;h=30587641	5000	0.3505	0.3473	0.3688	1352666
pc:rows:before	6	1.10	System.Text.Json.dll	n=1337;h=15AB9B20	5000	0.3299	0.3271	0.3395	1389986
pc:rows:before	6	1.10	NuGet.Packaging.dll	n=999;h=910CC3CB	5000	0.2575	0.2557	0.2624	994666
pc:rows:before	6	1.10	Microsoft.CodeAnalysis.CSharp.dll	n=13161;h=20D748F8	216	8.0863	6.8484	13.7660	16475619
pc:rows:before	6	1.10	System.Private.CoreLib.dll	n=22475;h=21372B1F	133	16.1145	9.9429	20.0280	26121207
pc:tail:after	6	1.08	CommandLine.dll	n=6;h=2C0D37C1	5000	0.0127	0.0123	0.0149	9874
pc:tail:after	6	1.08	Humanizer.dll	n=6;h=91D17220	5000	0.0188	0.0187	0.0191	6562
pc:tail:after	6	1.08	Mono.Cecil.dll	n=6;h=3891C1A0	5000	0.0325	0.0323	0.0328	8730
pc:tail:after	6	1.08	Newtonsoft.Json.dll	n=6;h=7111BB62	5000	0.0403	0.0401	0.0414	9258
pc:tail:after	6	1.08	System.Text.Json.dll	n=6;h=51F1B225	5000	0.0342	0.0340	0.0345	10018
pc:tail:after	6	1.08	NuGet.Packaging.dll	n=6;h=233EB48F	5000	0.0309	0.0308	0.0312	6146
pc:tail:after	6	1.08	Microsoft.CodeAnalysis.CSharp.dll	n=6;h=DBA5688B	5000	0.3534	0.3505	0.3580	8898
pc:tail:after	6	1.08	System.Private.CoreLib.dll	n=6;h=BC20A3BD	4525	0.4411	0.4396	0.4437	9037
pc:tail:nlinq	6	1.07	CommandLine.dll	n=6;h=2C0D37C1	5000	0.0285	0.0282	0.0306	10122
pc:tail:nlinq	6	1.07	Humanizer.dll	n=6;h=91D17220	5000	0.0344	0.0343	0.0347	6810
pc:tail:nlinq	6	1.07	Mono.Cecil.dll	n=6;h=3891C1A0	5000	0.0652	0.0650	0.0660	8978
pc:tail:nlinq	6	1.07	Newtonsoft.Json.dll	n=6;h=7111BB62	5000	0.0843	0.0842	0.0855	9506
pc:tail:nlinq	6	1.07	System.Text.Json.dll	n=6;h=51F1B225	5000	0.0743	0.0742	0.0755	10266
pc:tail:nlinq	6	1.07	NuGet.Packaging.dll	n=6;h=233EB48F	5000	0.0702	0.0699	0.0710	6394
pc:tail:nlinq	6	1.07	Microsoft.CodeAnalysis.CSharp.dll	n=6;h=DBA5688B	2560	0.7791	0.7764	0.7870	9145
pc:tail:nlinq	6	1.07	System.Private.CoreLib.dll	n=6;h=BC20A3BD	2378	0.8392	0.8349	0.8498	9283
pc:tail:before	6	1.07	CommandLine.dll	n=6;h=2C0D37C1	5000	0.1438	0.1428	0.1514	621418
pc:tail:before	6	1.07	Humanizer.dll	n=6;h=91D17220	5000	0.1350	0.1322	0.1372	584650
pc:tail:before	6	1.07	Mono.Cecil.dll	n=6;h=3891C1A0	5000	0.2227	0.2189	0.2275	831090
pc:tail:before	6	1.07	Newtonsoft.Json.dll	n=6;h=7111BB62	5000	0.3473	0.3446	0.3557	1353226
pc:tail:before	6	1.07	System.Text.Json.dll	n=6;h=51F1B225	5000	0.3276	0.3249	0.3381	1390546
pc:tail:before	6	1.07	NuGet.Packaging.dll	n=6;h=233EB48F	5000	0.2563	0.2544	0.2613	995226
pc:tail:before	6	1.07	Microsoft.CodeAnalysis.CSharp.dll	n=6;h=DBA5688B	210	8.4889	6.8280	13.9936	16476140
pc:tail:before	6	1.07	System.Private.CoreLib.dll	n=6;h=BC20A3BD	134	15.9851	9.9859	19.4283	26121723
pc:head:after	6	1.06	CommandLine.dll	n=6;h=38398B5E	5000	0.0034	0.0032	0.0053	10338
pc:head:after	6	1.06	Humanizer.dll	n=6;h=D93A2D05	5000	0.0024	0.0024	0.0025	8338
pc:head:after	6	1.06	Mono.Cecil.dll	n=6;h=EAFAA362	5000	0.0025	0.0025	0.0026	8106
pc:head:after	6	1.06	Newtonsoft.Json.dll	n=6;h=A4332D4B	5000	0.0024	0.0024	0.0024	8050
pc:head:after	6	1.06	System.Text.Json.dll	n=6;h=7C8B77FF	5000	0.0038	0.0038	0.0040	8538
pc:head:after	6	1.06	NuGet.Packaging.dll	n=6;h=10648FC9	5000	0.0031	0.0030	0.0033	11090
pc:head:after	6	1.06	Microsoft.CodeAnalysis.CSharp.dll	n=6;h=83A9E69E	5000	0.0023	0.0023	0.0027	7642
pc:head:after	6	1.06	System.Private.CoreLib.dll	n=6;h=8CF51FF1	5000	0.0044	0.0042	0.0045	7410
pc:head:nlinq	6	1.06	CommandLine.dll	n=6;h=38398B5E	5000	0.0048	0.0046	0.0068	10274
pc:head:nlinq	6	1.06	Humanizer.dll	n=6;h=D93A2D05	5000	0.0027	0.0026	0.0028	8274
pc:head:nlinq	6	1.06	Mono.Cecil.dll	n=6;h=EAFAA362	5000	0.0027	0.0026	0.0028	8042
pc:head:nlinq	6	1.06	Newtonsoft.Json.dll	n=6;h=A4332D4B	5000	0.0025	0.0025	0.0026	7986
pc:head:nlinq	6	1.06	System.Text.Json.dll	n=6;h=7C8B77FF	5000	0.0048	0.0048	0.0049	8474
pc:head:nlinq	6	1.06	NuGet.Packaging.dll	n=6;h=10648FC9	5000	0.0039	0.0039	0.0040	11026
pc:head:nlinq	6	1.06	Microsoft.CodeAnalysis.CSharp.dll	n=6;h=83A9E69E	5000	0.0026	0.0025	0.0028	7578
pc:head:nlinq	6	1.06	System.Private.CoreLib.dll	n=6;h=8CF51FF1	5000	0.0056	0.0055	0.0058	7346
pc:head:before	6	1.06	CommandLine.dll	n=6;h=38398B5E	5000	0.1431	0.1422	0.1454	621146
pc:head:before	6	1.06	Humanizer.dll	n=6;h=D93A2D05	5000	0.1325	0.1317	0.1352	584378
pc:head:before	6	1.06	Mono.Cecil.dll	n=6;h=EAFAA362	5000	0.2199	0.2180	0.2245	830818
pc:head:before	6	1.06	Newtonsoft.Json.dll	n=6;h=A4332D4B	5000	0.3465	0.3440	0.3568	1352954
pc:head:before	6	1.06	System.Text.Json.dll	n=6;h=7C8B77FF	5000	0.3268	0.3243	0.3577	1390274
pc:head:before	6	1.06	NuGet.Packaging.dll	n=6;h=10648FC9	5000	0.2552	0.2530	0.2607	994954
pc:head:before	6	1.06	Microsoft.CodeAnalysis.CSharp.dll	n=6;h=83A9E69E	215	8.1411	6.7519	13.8204	16475879
pc:head:before	6	1.06	System.Private.CoreLib.dll	n=6;h=8CF51FF1	137	15.6113	9.7603	19.5711	26121575
