asset	closing	column	median_us	round_medians_us
CommandLine	Exists	LINQ	5	5.1,5,5.1,5,5,5
CommandLine	Exists	NLinq	2	2,2,2,2,2,2
CommandLine	Exists	Planner	1.1	1.1,1.1,1.1,1.1,1.1,1.1
CommandLine	Count	LINQ	206.7	202.1,206.5,207.3,206.8,206.6,207.4
CommandLine	Count	NLinq	18.5	18.5,18.5,18.5,18.5,18.5,18.5
CommandLine	Count	Planner	11.8	11.8,11.7,11.8,11.7,11.8,11.8
CommandLine	Head	LINQ	6.9	6.9,6.9,6.9,6.9,6.9,6.9
CommandLine	Head	NLinq	3.5	3.5,3.5,3.5,3.5,3.5,3.5
CommandLine	Head	Planner	2.5	2.5,2.5,2.5,2.5,2.5,2.5
CommandLine	Tail	LINQ	212.65	206.6,212.4,213,212.8,212.5,213
CommandLine	Tail	NLinq	24.5	24.5,24.5,24.5,24.5,24.5,24.5
CommandLine	Tail	Planner	12.4	12.4,12.5,12.4,12.4,12.4,12.4
CommandLine	Rows	LINQ	213.1	209.9,213,213.5,213.2,212.9,213.7
CommandLine	Rows	NLinq	170.65	167.1,170.3,171,170.5,171,170.8
CommandLine	Rows	Planner	167.9	165.8,168.2,168.4,167.8,167.8,168
CommandLine	Window	LINQ	53.2	51.9,53.2,53.3,53.2,53.2,53.4
CommandLine	Window	NLinq	8.2	8.2,8.2,8.2,18.4,8.2,8.2
CommandLine	Window	Planner	6.6	6.6,6.6,6.6,6.8,6.6,6.6
Humanizer	Exists	LINQ	1.2	1.2,1.2,1.2,2.2,1.2,1.2
Humanizer	Exists	NLinq	0.9	0.9,1,0.9,1,0.9,0.9
Humanizer	Exists	Planner	1	1,1,1,1.1,1,1
Humanizer	Count	LINQ	192.45	190.3,192.4,192.6,192.2,192.5,192.5
Humanizer	Count	NLinq	24.2	24.1,24.1,24.2,24.2,24.2,24.2
Humanizer	Count	Planner	19.55	19.5,19.6,19.6,19.5,19.5,19.6
Humanizer	Head	LINQ	2.6	2.5,2.6,2.6,2.6,2.6,2.6
Humanizer	Head	NLinq	2	2,2,2,2,2,2
Humanizer	Head	Planner	1.9	1.9,1.8,1.9,1.9,1.9,1.9
Humanizer	Tail	LINQ	201.45	199.7,200.9,202,202,202,200.7
Humanizer	Tail	NLinq	30.9	30.9,30.9,30.9,30.9,30.9,30.9
Humanizer	Tail	Planner	19.1	19.1,19.2,19.1,19.1,19.1,19.1
Humanizer	Rows	LINQ	201.15	200,200.4,202,202.5,201.1,201.2
Humanizer	Rows	NLinq	160.2	158.4,160.4,160.1,160,160.3,160.5
Humanizer	Rows	Planner	162.4	162.3,161.6,163.1,162.8,162.1,162.5
Humanizer	Window	LINQ	27.5	27.5,27.5,27.5,27.5,27.4,27.5
Humanizer	Window	NLinq	5.5	5.5,5.5,5.5,5.5,5.5,5.5
Humanizer	Window	Planner	4.9	4.9,4.9,4.9,4.9,4.9,4.9
Mono.Cecil	Exists	LINQ	1.2	1.2,1.2,1.2,1.2,1.2,1.2
Mono.Cecil	Exists	NLinq	0.9	0.9,0.9,0.9,0.9,0.9,0.9
Mono.Cecil	Exists	Planner	1	1,1,1,1,1,1
Mono.Cecil	Count	LINQ	318.55	316.7,318.5,320,320.1,318.6,318.2
Mono.Cecil	Count	NLinq	46.9	46.9,46.8,47,47,46.9,46.8
Mono.Cecil	Count	Planner	37.2	37.2,37.3,37.3,37.2,37.2,37.2
Mono.Cecil	Head	LINQ	2.5	2.5,2.5,2.5,2.5,2.5,2.5
Mono.Cecil	Head	NLinq	1.95	1.9,2,2,1.9,1.9,2
Mono.Cecil	Head	Planner	1.9	1.9,1.9,1.9,1.9,1.9,1.9
Mono.Cecil	Tail	LINQ	332.85	330.6,332.6,333.9,334.1,333.1,332.5
Mono.Cecil	Tail	NLinq	58.1	58,57.2,58.1,58.1,58.1,58.1
Mono.Cecil	Tail	Planner	36	36.1,36.3,36.6,35.9,35.8,35.8
Mono.Cecil	Rows	LINQ	333.9	333.5,333.7,334.3,334.1,333.9,333.9
Mono.Cecil	Rows	NLinq	262.1	261.1,262.5,262.3,260.5,262.3,261.9
Mono.Cecil	Rows	Planner	268.1	269,269.1,268.4,267.7,267.8,267.7
Mono.Cecil	Window	LINQ	30.75	31,30.1,30.9,30.7,30.7,30.8
Mono.Cecil	Window	NLinq	6.7	6.7,6.7,6.7,6.7,6.7,6.7
Mono.Cecil	Window	Planner	5.8	5.8,5.7,5.8,5.8,5.8,5.8
Newtonsoft.Json	Exists	LINQ	1.2	1.2,1.2,1.2,1.2,1.2,1.2
Newtonsoft.Json	Exists	NLinq	0.9	0.9,0.9,0.9,0.9,1,0.9
Newtonsoft.Json	Exists	Planner	1	1,1,1,1,1,1
Newtonsoft.Json	Count	LINQ	479.2	477.7,480,479.4,479,478.8,479.5
Newtonsoft.Json	Count	NLinq	59.4	59.5,59.4,59.3,59.4,59.3,59.5
Newtonsoft.Json	Count	Planner	44.55	44.8,44.5,44.5,45,44.6,44.5
Newtonsoft.Json	Head	LINQ	2.5	2.5,2.4,2.5,2.5,2.5,2.5
Newtonsoft.Json	Head	NLinq	1.9	2,1.9,1.9,1.9,2,1.9
Newtonsoft.Json	Head	Planner	1.9	1.9,1.8,1.9,1.9,1.9,1.9
Newtonsoft.Json	Tail	LINQ	500.25	498.7,500.7,500.2,499.9,500.3,500.3
Newtonsoft.Json	Tail	NLinq	74.4	74.2,74.5,74.5,74.5,74.3,74.3
Newtonsoft.Json	Tail	Planner	43.2	43.7,43.7,43.2,43.1,43.2,43.2
Newtonsoft.Json	Rows	LINQ	500.35	500.5,499.8,500.2,501.2,500.1,501.4
Newtonsoft.Json	Rows	NLinq	400.7	400.7,401.3,400.6,400.5,400.7,401.2
Newtonsoft.Json	Rows	Planner	406.05	405.5,406.9,406.2,405.9,405.3,406.2
Newtonsoft.Json	Window	LINQ	30.95	30.8,31,30.9,30.9,31.1,31
Newtonsoft.Json	Window	NLinq	7.7	7.7,7.7,7.7,7.7,7.7,7.7
Newtonsoft.Json	Window	Planner	6.6	6.6,6.6,6.6,6.6,6.6,6.6
System.Text.Json	Exists	LINQ	1.25	1.3,1.3,1.2,1.2,1.3,1.2
System.Text.Json	Exists	NLinq	0.9	0.9,1,0.9,0.9,1,0.9
System.Text.Json	Exists	Planner	1	1,1,1,1,1,1
System.Text.Json	Count	LINQ	445.95	445.7,446.2,446.1,445.8,445.8,446.9
System.Text.Json	Count	NLinq	51.3	51.4,51.1,51.3,51.3,51.5,50.7
System.Text.Json	Count	Planner	37.75	38,37.7,37.9,37.7,37.6,37.8
System.Text.Json	Head	LINQ	6.65	6.7,6.4,6.6,6.7,6.7,6.6
System.Text.Json	Head	NLinq	3.5	3.5,3.5,3.5,3.5,3.5,3.5
System.Text.Json	Head	Planner	2.6	2.7,2.6,2.6,2.6,2.6,2.6
System.Text.Json	Tail	LINQ	463.9	463.5,464,463.7,464.2,463.8,464.5
System.Text.Json	Tail	NLinq	65.05	65.1,65,65.3,65,65.2,64.7
System.Text.Json	Tail	Planner	36.55	37.7,37.1,36.3,36.2,36.8,36.1
System.Text.Json	Rows	LINQ	465.15	465.5,464.5,465.4,465.3,464.9,465
System.Text.Json	Rows	NLinq	377.15	377.3,378.2,377.9,376.9,377,377
System.Text.Json	Rows	Planner	384.9	384.8,385,385.6,384.4,384.6,385.5
System.Text.Json	Window	LINQ	32.9	32.9,32.9,32.8,32.9,33,32.9
System.Text.Json	Window	NLinq	7.15	7.1,7.1,7.2,7.1,7.2,7.2
System.Text.Json	Window	Planner	5.6	5.6,5.6,5.6,5.6,5.6,5.6
NuGet.Packaging	Exists	LINQ	3.5	3.5,3.5,3.5,3.5,3.6,3.5
NuGet.Packaging	Exists	NLinq	1.55	1.6,1.6,1.5,1.5,1.6,1.5
NuGet.Packaging	Exists	Planner	1	1,1,1,1,1.1,1.1
NuGet.Packaging	Count	LINQ	383.4	383,383.6,377.5,383.4,383.4,383.9
NuGet.Packaging	Count	NLinq	48.5	49,48.5,48.6,48.5,48.4,48.4
NuGet.Packaging	Count	Planner	34.45	34.4,34.6,34.5,34.3,34.3,34.5
NuGet.Packaging	Head	LINQ	5.2	5.2,5.2,4.9,5.2,5.2,5.2
NuGet.Packaging	Head	NLinq	3.1	3.1,3.1,3.1,3.1,3.1,3.1
NuGet.Packaging	Head	Planner	2.5	2.5,2.5,2.5,2.5,2.5,2.5
NuGet.Packaging	Tail	LINQ	398.85	397.7,399.5,388.4,399.9,398.5,399.2
NuGet.Packaging	Tail	NLinq	61.3	61.5,61.4,60.9,61.5,61.2,61.2
NuGet.Packaging	Tail	Planner	32.4	33.1,33.2,32.4,32.4,32.3,32.4
NuGet.Packaging	Rows	LINQ	398.95	398.9,398,398.7,399.7,399.2,399
NuGet.Packaging	Rows	NLinq	301.2	301.2,301.2,300.8,301.6,301.1,301.3
NuGet.Packaging	Rows	Planner	303.05	303.5,302.5,302.5,303,303.1,303.7
NuGet.Packaging	Window	LINQ	34.65	34.6,33.7,34.6,34.7,34.7,34.7
NuGet.Packaging	Window	NLinq	7.3	7.3,7.2,7.3,7.3,7.2,7.3
NuGet.Packaging	Window	Planner	5.7	5.7,5.7,5.7,5.7,5.7,5.7
Microsoft.CodeAnalysis.CSharp	Exists	LINQ	1.6	1.5,1.6,1.6,1.6,1.6,1.6
Microsoft.CodeAnalysis.CSharp	Exists	NLinq	1	1,1,1,1,1,1
Microsoft.CodeAnalysis.CSharp	Exists	Planner	1	1,1,1,1,1,1
Microsoft.CodeAnalysis.CSharp	Count	LINQ	5219.95	5226.85,5220.2,5189.8,5237.3,5219.7,5201.6
Microsoft.CodeAnalysis.CSharp	Count	NLinq	526.5	526.6,527,526.5,526.5,526.4,525.9
Microsoft.CodeAnalysis.CSharp	Count	Planner	391.65	391.1,392.8,391.5,391.3,392,391.8
Microsoft.CodeAnalysis.CSharp	Head	LINQ	2.7	2.7,2.6,2.7,2.7,2.7,2.7
Microsoft.CodeAnalysis.CSharp	Head	NLinq	1.9	1.9,1.9,1.9,1.8,1.9,1.8
Microsoft.CodeAnalysis.CSharp	Head	Planner	1.75	1.7,1.8,1.8,1.7,1.8,1.7
Microsoft.CodeAnalysis.CSharp	Tail	LINQ	5413.55	5422.6,5409.4,5364.8,5443.3,5417.7,5382.15
Microsoft.CodeAnalysis.CSharp	Tail	NLinq	651.8	652.1,650.3,651.8,651.8,650.9,651.8
Microsoft.CodeAnalysis.CSharp	Tail	Planner	362.5	369,367.3,362.9,361.8,362.1,361.4
Microsoft.CodeAnalysis.CSharp	Rows	LINQ	10534.15	10534.5,10511,10492.35,10555.9,10533.8,10543.7
Microsoft.CodeAnalysis.CSharp	Rows	NLinq	9819.925	9891.8,9767,9736.2,9740.6,9872.85,9949.8
Microsoft.CodeAnalysis.CSharp	Rows	Planner	10340.525	10396.85,10513.8,10315.25,10260.3,10302.05,10365.8
Microsoft.CodeAnalysis.CSharp	Window	LINQ	67.45	67.3,67.6,67.5,67.3,67.4,67.7
Microsoft.CodeAnalysis.CSharp	Window	NLinq	18	18,18,18,18,18,18
Microsoft.CodeAnalysis.CSharp	Window	Planner	10.9	10.9,10.9,10.9,10.8,10.9,10.9
System.Private.CoreLib	Exists	LINQ	3.5	3.5,3.5,3.5,3.5,3.5,3.5
System.Private.CoreLib	Exists	NLinq	1.6	1.6,1.6,1.6,1.6,1.6,1.6
System.Private.CoreLib	Exists	Planner	1.3	1.2,1.3,1.3,1.2,1.3,1.3
System.Private.CoreLib	Count	LINQ	7788.65	7792.4,7782.8,7788.9,7788.4,7794.3,7777.8
System.Private.CoreLib	Count	NLinq	599.75	600.5,599,597.9,601,601,598
System.Private.CoreLib	Count	Planner	492.9	493.2,493.1,493,492.8,492.7,492.8
System.Private.CoreLib	Head	LINQ	9.7	9.8,9.7,9.9,9.7,9.6,9.7
System.Private.CoreLib	Head	NLinq	4	4,4,4,4,4,4
System.Private.CoreLib	Head	Planner	2.9	2.9,2.9,2.9,2.9,2.9,2.9
System.Private.CoreLib	Tail	LINQ	8102.875	8108.7,8107.5,8103,8096,8101,8102.75
System.Private.CoreLib	Tail	NLinq	754.85	755,754.7,755.5,754,755.1,752.4
System.Private.CoreLib	Tail	Planner	466.45	469.3,466.7,465.7,466.5,466.4,466.2
System.Private.CoreLib	Rows	LINQ	17638.1	17633,17623.75,17643.2,17663.5,17542.1,17708.25
System.Private.CoreLib	Rows	NLinq	16740.225	16687.45,16808.85,16793,16435.2,15801.95,16901.05
System.Private.CoreLib	Rows	Planner	15677.7	15655.4,15652.15,15894.15,15861.2,15625.05,15700
System.Private.CoreLib	Window	LINQ	38.2	38.2,38.1,38,38.2,38.2,38.2
System.Private.CoreLib	Window	NLinq	8.1	8.1,8.1,8.1,8.1,8.1,8.1
System.Private.CoreLib	Window	Planner	6.1	6.1,6.1,6.1,6.1,6.1,6.1
