build	repeat	package	version	framework	cache	ms	jsonBytes	sha256	residentBytes
baseline	0	Avalonia	12.1.2	net10.0	cold	898.8	27756284	ed89811cc6865656643868a80962ab56c0868b1158648dff0e095dbf3980ea3a	10143223
baseline	0	Avalonia	12.1.2	net10.0	warm	702.6	27756284	ed89811cc6865656643868a80962ab56c0868b1158648dff0e095dbf3980ea3a	10143223
baseline	1	Avalonia	12.1.2	net10.0	cold	1190.5	27756284	ed89811cc6865656643868a80962ab56c0868b1158648dff0e095dbf3980ea3a	10143223
baseline	1	Avalonia	12.1.2	net10.0	warm	703.4	27756284	ed89811cc6865656643868a80962ab56c0868b1158648dff0e095dbf3980ea3a	10143223
baseline	2	Avalonia	12.1.2	net10.0	cold	985.9	27756284	ed89811cc6865656643868a80962ab56c0868b1158648dff0e095dbf3980ea3a	10143223
baseline	2	Avalonia	12.1.2	net10.0	warm	716.0	27756284	ed89811cc6865656643868a80962ab56c0868b1158648dff0e095dbf3980ea3a	10143223
baseline	3	Avalonia	12.1.2	net10.0	cold	982.8	27756284	ed89811cc6865656643868a80962ab56c0868b1158648dff0e095dbf3980ea3a	10143223
baseline	3	Avalonia	12.1.2	net10.0	warm	713.3	27756284	ed89811cc6865656643868a80962ab56c0868b1158648dff0e095dbf3980ea3a	10143223
baseline	4	Avalonia	12.1.2	net10.0	cold	971.2	27756284	ed89811cc6865656643868a80962ab56c0868b1158648dff0e095dbf3980ea3a	10143223
baseline	4	Avalonia	12.1.2	net10.0	warm	716.1	27756284	ed89811cc6865656643868a80962ab56c0868b1158648dff0e095dbf3980ea3a	10143223
baseline	5	Avalonia	12.1.2	net10.0	cold	1037.1	27756284	ed89811cc6865656643868a80962ab56c0868b1158648dff0e095dbf3980ea3a	10143223
baseline	5	Avalonia	12.1.2	net10.0	warm	707.1	27756284	ed89811cc6865656643868a80962ab56c0868b1158648dff0e095dbf3980ea3a	10143223
baseline	6	Avalonia	12.1.2	net10.0	cold	1065.7	27756284	ed89811cc6865656643868a80962ab56c0868b1158648dff0e095dbf3980ea3a	10143223
baseline	6	Avalonia	12.1.2	net10.0	warm	700.2	27756284	ed89811cc6865656643868a80962ab56c0868b1158648dff0e095dbf3980ea3a	10143223
baseline	0	Dapper	2.1.66	net8.0	cold	149.1	996934	e9fb0c8276a5a220a0f7944c6bbd3aea9ca41e891873ad7d63e1e2dca9724190	437579
baseline	0	Dapper	2.1.66	net8.0	warm	14.4	996934	e9fb0c8276a5a220a0f7944c6bbd3aea9ca41e891873ad7d63e1e2dca9724190	437579
baseline	1	Dapper	2.1.66	net8.0	cold	118.6	996934	e9fb0c8276a5a220a0f7944c6bbd3aea9ca41e891873ad7d63e1e2dca9724190	437579
baseline	1	Dapper	2.1.66	net8.0	warm	14.2	996934	e9fb0c8276a5a220a0f7944c6bbd3aea9ca41e891873ad7d63e1e2dca9724190	437579
baseline	2	Dapper	2.1.66	net8.0	cold	131.2	996934	e9fb0c8276a5a220a0f7944c6bbd3aea9ca41e891873ad7d63e1e2dca9724190	437579
baseline	2	Dapper	2.1.66	net8.0	warm	14.3	996934	e9fb0c8276a5a220a0f7944c6bbd3aea9ca41e891873ad7d63e1e2dca9724190	437579
baseline	3	Dapper	2.1.66	net8.0	cold	133.3	996934	e9fb0c8276a5a220a0f7944c6bbd3aea9ca41e891873ad7d63e1e2dca9724190	437579
baseline	3	Dapper	2.1.66	net8.0	warm	14.4	996934	e9fb0c8276a5a220a0f7944c6bbd3aea9ca41e891873ad7d63e1e2dca9724190	437579
baseline	4	Dapper	2.1.66	net8.0	cold	140.5	996934	e9fb0c8276a5a220a0f7944c6bbd3aea9ca41e891873ad7d63e1e2dca9724190	437579
baseline	4	Dapper	2.1.66	net8.0	warm	15.1	996934	e9fb0c8276a5a220a0f7944c6bbd3aea9ca41e891873ad7d63e1e2dca9724190	437579
baseline	5	Dapper	2.1.66	net8.0	cold	138.2	996934	e9fb0c8276a5a220a0f7944c6bbd3aea9ca41e891873ad7d63e1e2dca9724190	437579
baseline	5	Dapper	2.1.66	net8.0	warm	14.4	996934	e9fb0c8276a5a220a0f7944c6bbd3aea9ca41e891873ad7d63e1e2dca9724190	437579
baseline	6	Dapper	2.1.66	net8.0	cold	171.3	996934	e9fb0c8276a5a220a0f7944c6bbd3aea9ca41e891873ad7d63e1e2dca9724190	437579
baseline	6	Dapper	2.1.66	net8.0	warm	14.5	996934	e9fb0c8276a5a220a0f7944c6bbd3aea9ca41e891873ad7d63e1e2dca9724190	437579
baseline	0	Microsoft.CodeAnalysis.CSharp	4.11.0	net8.0	cold	1305.7	6370	6407a1c11fe9cb7ba4f809d38f15d15c44fd7f64aaca0d12b4f345e840e3af87	16919271
baseline	0	Microsoft.CodeAnalysis.CSharp	4.11.0	net8.0	warm	782.4	6370	6407a1c11fe9cb7ba4f809d38f15d15c44fd7f64aaca0d12b4f345e840e3af87	16919271
baseline	1	Microsoft.CodeAnalysis.CSharp	4.11.0	net8.0	cold	1155.2	6370	6407a1c11fe9cb7ba4f809d38f15d15c44fd7f64aaca0d12b4f345e840e3af87	16919271
baseline	1	Microsoft.CodeAnalysis.CSharp	4.11.0	net8.0	warm	747.7	6370	6407a1c11fe9cb7ba4f809d38f15d15c44fd7f64aaca0d12b4f345e840e3af87	16919271
baseline	2	Microsoft.CodeAnalysis.CSharp	4.11.0	net8.0	cold	1314.1	6370	6407a1c11fe9cb7ba4f809d38f15d15c44fd7f64aaca0d12b4f345e840e3af87	16919271
baseline	2	Microsoft.CodeAnalysis.CSharp	4.11.0	net8.0	warm	771.3	6370	6407a1c11fe9cb7ba4f809d38f15d15c44fd7f64aaca0d12b4f345e840e3af87	16919271
baseline	3	Microsoft.CodeAnalysis.CSharp	4.11.0	net8.0	cold	1069.6	6370	6407a1c11fe9cb7ba4f809d38f15d15c44fd7f64aaca0d12b4f345e840e3af87	16919271
baseline	3	Microsoft.CodeAnalysis.CSharp	4.11.0	net8.0	warm	755.3	6370	6407a1c11fe9cb7ba4f809d38f15d15c44fd7f64aaca0d12b4f345e840e3af87	16919271
baseline	4	Microsoft.CodeAnalysis.CSharp	4.11.0	net8.0	cold	1252.7	6370	6407a1c11fe9cb7ba4f809d38f15d15c44fd7f64aaca0d12b4f345e840e3af87	16919271
baseline	4	Microsoft.CodeAnalysis.CSharp	4.11.0	net8.0	warm	814.8	6370	6407a1c11fe9cb7ba4f809d38f15d15c44fd7f64aaca0d12b4f345e840e3af87	16919271
baseline	5	Microsoft.CodeAnalysis.CSharp	4.11.0	net8.0	cold	1138.1	6370	6407a1c11fe9cb7ba4f809d38f15d15c44fd7f64aaca0d12b4f345e840e3af87	16919271
baseline	5	Microsoft.CodeAnalysis.CSharp	4.11.0	net8.0	warm	812.5	6370	6407a1c11fe9cb7ba4f809d38f15d15c44fd7f64aaca0d12b4f345e840e3af87	16919271
baseline	6	Microsoft.CodeAnalysis.CSharp	4.11.0	net8.0	cold	1089.4	6370	6407a1c11fe9cb7ba4f809d38f15d15c44fd7f64aaca0d12b4f345e840e3af87	16919271
baseline	6	Microsoft.CodeAnalysis.CSharp	4.11.0	net8.0	warm	760.8	6370	6407a1c11fe9cb7ba4f809d38f15d15c44fd7f64aaca0d12b4f345e840e3af87	16919271
candidate	0	Avalonia	12.1.2	net10.0	cold	1118.3	27756284	ed89811cc6865656643868a80962ab56c0868b1158648dff0e095dbf3980ea3a	16475372
candidate	0	Avalonia	12.1.2	net10.0	warm	702.2	27756284	ed89811cc6865656643868a80962ab56c0868b1158648dff0e095dbf3980ea3a	16475372
candidate	1	Avalonia	12.1.2	net10.0	cold	1009.5	27756284	ed89811cc6865656643868a80962ab56c0868b1158648dff0e095dbf3980ea3a	16475372
candidate	1	Avalonia	12.1.2	net10.0	warm	705.8	27756284	ed89811cc6865656643868a80962ab56c0868b1158648dff0e095dbf3980ea3a	16475372
candidate	2	Avalonia	12.1.2	net10.0	cold	1154.4	27756284	ed89811cc6865656643868a80962ab56c0868b1158648dff0e095dbf3980ea3a	16475372
candidate	2	Avalonia	12.1.2	net10.0	warm	618.0	27756284	ed89811cc6865656643868a80962ab56c0868b1158648dff0e095dbf3980ea3a	16475372
candidate	3	Avalonia	12.1.2	net10.0	cold	1307.3	27756284	ed89811cc6865656643868a80962ab56c0868b1158648dff0e095dbf3980ea3a	16475372
candidate	3	Avalonia	12.1.2	net10.0	warm	709.1	27756284	ed89811cc6865656643868a80962ab56c0868b1158648dff0e095dbf3980ea3a	16475372
candidate	4	Avalonia	12.1.2	net10.0	cold	1285.3	27756284	ed89811cc6865656643868a80962ab56c0868b1158648dff0e095dbf3980ea3a	16475372
candidate	4	Avalonia	12.1.2	net10.0	warm	717.9	27756284	ed89811cc6865656643868a80962ab56c0868b1158648dff0e095dbf3980ea3a	16475372
candidate	5	Avalonia	12.1.2	net10.0	cold	1047.7	27756284	ed89811cc6865656643868a80962ab56c0868b1158648dff0e095dbf3980ea3a	16475372
candidate	5	Avalonia	12.1.2	net10.0	warm	708.7	27756284	ed89811cc6865656643868a80962ab56c0868b1158648dff0e095dbf3980ea3a	16475372
candidate	6	Avalonia	12.1.2	net10.0	cold	1139.9	27756284	ed89811cc6865656643868a80962ab56c0868b1158648dff0e095dbf3980ea3a	16475372
candidate	6	Avalonia	12.1.2	net10.0	warm	706.1	27756284	ed89811cc6865656643868a80962ab56c0868b1158648dff0e095dbf3980ea3a	16475372
candidate	0	Dapper	2.1.66	net8.0	cold	143.3	996934	e9fb0c8276a5a220a0f7944c6bbd3aea9ca41e891873ad7d63e1e2dca9724190	437579
candidate	0	Dapper	2.1.66	net8.0	warm	14.8	996934	e9fb0c8276a5a220a0f7944c6bbd3aea9ca41e891873ad7d63e1e2dca9724190	437579
candidate	1	Dapper	2.1.66	net8.0	cold	200.4	996934	e9fb0c8276a5a220a0f7944c6bbd3aea9ca41e891873ad7d63e1e2dca9724190	437579
candidate	1	Dapper	2.1.66	net8.0	warm	15.4	996934	e9fb0c8276a5a220a0f7944c6bbd3aea9ca41e891873ad7d63e1e2dca9724190	437579
candidate	2	Dapper	2.1.66	net8.0	cold	123.3	996934	e9fb0c8276a5a220a0f7944c6bbd3aea9ca41e891873ad7d63e1e2dca9724190	437579
candidate	2	Dapper	2.1.66	net8.0	warm	14.3	996934	e9fb0c8276a5a220a0f7944c6bbd3aea9ca41e891873ad7d63e1e2dca9724190	437579
candidate	3	Dapper	2.1.66	net8.0	cold	119.6	996934	e9fb0c8276a5a220a0f7944c6bbd3aea9ca41e891873ad7d63e1e2dca9724190	437579
candidate	3	Dapper	2.1.66	net8.0	warm	14.2	996934	e9fb0c8276a5a220a0f7944c6bbd3aea9ca41e891873ad7d63e1e2dca9724190	437579
candidate	4	Dapper	2.1.66	net8.0	cold	139.4	996934	e9fb0c8276a5a220a0f7944c6bbd3aea9ca41e891873ad7d63e1e2dca9724190	437579
candidate	4	Dapper	2.1.66	net8.0	warm	14.3	996934	e9fb0c8276a5a220a0f7944c6bbd3aea9ca41e891873ad7d63e1e2dca9724190	437579
candidate	5	Dapper	2.1.66	net8.0	cold	167.0	996934	e9fb0c8276a5a220a0f7944c6bbd3aea9ca41e891873ad7d63e1e2dca9724190	437579
candidate	5	Dapper	2.1.66	net8.0	warm	14.6	996934	e9fb0c8276a5a220a0f7944c6bbd3aea9ca41e891873ad7d63e1e2dca9724190	437579
candidate	6	Dapper	2.1.66	net8.0	cold	129.9	996934	e9fb0c8276a5a220a0f7944c6bbd3aea9ca41e891873ad7d63e1e2dca9724190	437579
candidate	6	Dapper	2.1.66	net8.0	warm	14.2	996934	e9fb0c8276a5a220a0f7944c6bbd3aea9ca41e891873ad7d63e1e2dca9724190	437579
candidate	0	Microsoft.CodeAnalysis.CSharp	4.11.0	net8.0	cold	1190.3	6370	6407a1c11fe9cb7ba4f809d38f15d15c44fd7f64aaca0d12b4f345e840e3af87	12593086
candidate	0	Microsoft.CodeAnalysis.CSharp	4.11.0	net8.0	warm	767.8	6370	6407a1c11fe9cb7ba4f809d38f15d15c44fd7f64aaca0d12b4f345e840e3af87	12593086
candidate	1	Microsoft.CodeAnalysis.CSharp	4.11.0	net8.0	cold	1279.5	6370	6407a1c11fe9cb7ba4f809d38f15d15c44fd7f64aaca0d12b4f345e840e3af87	12593086
candidate	1	Microsoft.CodeAnalysis.CSharp	4.11.0	net8.0	warm	783.8	6370	6407a1c11fe9cb7ba4f809d38f15d15c44fd7f64aaca0d12b4f345e840e3af87	12593086
candidate	2	Microsoft.CodeAnalysis.CSharp	4.11.0	net8.0	cold	1112.1	6370	6407a1c11fe9cb7ba4f809d38f15d15c44fd7f64aaca0d12b4f345e840e3af87	12593086
candidate	2	Microsoft.CodeAnalysis.CSharp	4.11.0	net8.0	warm	762.3	6370	6407a1c11fe9cb7ba4f809d38f15d15c44fd7f64aaca0d12b4f345e840e3af87	12593086
candidate	3	Microsoft.CodeAnalysis.CSharp	4.11.0	net8.0	cold	1158.3	6370	6407a1c11fe9cb7ba4f809d38f15d15c44fd7f64aaca0d12b4f345e840e3af87	12593086
candidate	3	Microsoft.CodeAnalysis.CSharp	4.11.0	net8.0	warm	777.6	6370	6407a1c11fe9cb7ba4f809d38f15d15c44fd7f64aaca0d12b4f345e840e3af87	12593086
candidate	4	Microsoft.CodeAnalysis.CSharp	4.11.0	net8.0	cold	1146.1	6370	6407a1c11fe9cb7ba4f809d38f15d15c44fd7f64aaca0d12b4f345e840e3af87	12593086
candidate	4	Microsoft.CodeAnalysis.CSharp	4.11.0	net8.0	warm	762.7	6370	6407a1c11fe9cb7ba4f809d38f15d15c44fd7f64aaca0d12b4f345e840e3af87	12593086
candidate	5	Microsoft.CodeAnalysis.CSharp	4.11.0	net8.0	cold	1146.4	6370	6407a1c11fe9cb7ba4f809d38f15d15c44fd7f64aaca0d12b4f345e840e3af87	12593086
candidate	5	Microsoft.CodeAnalysis.CSharp	4.11.0	net8.0	warm	782.7	6370	6407a1c11fe9cb7ba4f809d38f15d15c44fd7f64aaca0d12b4f345e840e3af87	12593086
candidate	6	Microsoft.CodeAnalysis.CSharp	4.11.0	net8.0	cold	1154.9	6370	6407a1c11fe9cb7ba4f809d38f15d15c44fd7f64aaca0d12b4f345e840e3af87	12593086
candidate	6	Microsoft.CodeAnalysis.CSharp	4.11.0	net8.0	warm	765.3	6370	6407a1c11fe9cb7ba4f809d38f15d15c44fd7f64aaca0d12b4f345e840e3af87	12593086
