case	side	pair	processMs	package	version	framework	mode	cache	totalMs	summaryMs	broadMs	apiMs	enablementsMs	summaryBytes	broadBytes	apiBytes	enablementsBytes	apiSha256	residentBytes
avalonia-base	before	1	9224.8	Avalonia	12.1.2	net10.0	legacy	cold	8439.6	2623.0	668.4	5139.6	5147.8	3269	27756284	5457	497	4579e183a1e64c205539a9955de7c8134072ff84da9e558c1e7cdc6d9f5b3f92	26618595
avalonia-base	before	1	9224.8	Avalonia	12.1.2	net10.0	legacy	warm	758.3	0.3	597.5	158.1	2.4	3269	27756284	5457	497	4579e183a1e64c205539a9955de7c8134072ff84da9e558c1e7cdc6d9f5b3f92	26618595
avalonia-base	after	1	1916.1	Avalonia	12.1.2	net10.0	overview	cold	1745.9	1567.9	0.0	174.5	3.4	3323	0	5457	497	4579e183a1e64c205539a9955de7c8134072ff84da9e558c1e7cdc6d9f5b3f92	16475372
avalonia-base	after	1	1916.1	Avalonia	12.1.2	net10.0	overview	warm	157.6	0.2	0.0	155.1	2.3	3323	0	5457	497	4579e183a1e64c205539a9955de7c8134072ff84da9e558c1e7cdc6d9f5b3f92	16475372
avalonia-default	before	1	3795.6	Avalonia	12.1.2	net10.0	legacy	cold	3019.5	1070.5	638.2	1302.0	1310.3	3269	27756284	5457	497	4579e183a1e64c205539a9955de7c8134072ff84da9e558c1e7cdc6d9f5b3f92	26618595
avalonia-default	before	1	3795.6	Avalonia	12.1.2	net10.0	legacy	warm	750.7	0.3	591.4	156.7	2.4	3269	27756284	5457	497	4579e183a1e64c205539a9955de7c8134072ff84da9e558c1e7cdc6d9f5b3f92	26618595
avalonia-default	after	1	538.9	Avalonia	12.1.2	net10.0	overview	cold	527.1	523.8	0.0	2.7	0.5	3323	0	1707	496	a7e5b7e8cd6de3bafb5f45851fff30a79ed3438cc5b072fabf7f2231a5608064	16475372
avalonia-default	after	1	538.9	Avalonia	12.1.2	net10.0	overview	warm	0.4	0.1	0.0	0.1	0.1	3323	0	1707	496	a7e5b7e8cd6de3bafb5f45851fff30a79ed3438cc5b072fabf7f2231a5608064	16475372
roslyn	before	1	3995.9	Microsoft.CodeAnalysis.CSharp	4.11.0	net8.0	legacy	cold	3119.0	1938.4	794.5	378.2	385.7	1825	6370	1840	517	07ada47575ef9882bbeba283ea20d98315f750b9982d8476cd8b15c993cbd2a2	29512357
roslyn	before	1	3995.9	Microsoft.CodeAnalysis.CSharp	4.11.0	net8.0	legacy	warm	857.7	0.2	807.9	43.6	6.0	1825	6370	1840	517	07ada47575ef9882bbeba283ea20d98315f750b9982d8476cd8b15c993cbd2a2	29512357
roslyn	after	1	1074.8	Microsoft.CodeAnalysis.CSharp	4.11.0	net8.0	overview	cold	1012.7	942.6	0.0	62.7	7.3	1899	0	1840	517	07ada47575ef9882bbeba283ea20d98315f750b9982d8476cd8b15c993cbd2a2	12593086
roslyn	after	1	1074.8	Microsoft.CodeAnalysis.CSharp	4.11.0	net8.0	overview	warm	48.2	0.2	0.0	42.0	6.0	1899	0	1840	517	07ada47575ef9882bbeba283ea20d98315f750b9982d8476cd8b15c993cbd2a2	12593086
dapper	before	1	198.3	Dapper	2.1.66	net8.0	legacy	cold	166.7	137.8	22.9	5.3	0.6	1728	996934	2833	479	860dda50a49bbc9fe65aa44fbc2c1ed5cc6818466aeb4aa5cefe5e1159b33a88	437579
dapper	before	1	198.3	Dapper	2.1.66	net8.0	legacy	warm	22.7	0.2	14.3	7.8	0.3	1728	996934	2833	479	860dda50a49bbc9fe65aa44fbc2c1ed5cc6818466aeb4aa5cefe5e1159b33a88	437579
dapper	after	1	122.5	Dapper	2.1.66	net8.0	overview	cold	103.9	96.2	0.0	7.0	0.7	1779	0	2833	479	860dda50a49bbc9fe65aa44fbc2c1ed5cc6818466aeb4aa5cefe5e1159b33a88	437579
dapper	after	1	122.5	Dapper	2.1.66	net8.0	overview	warm	8.7	0.2	0.0	8.2	0.4	1779	0	2833	479	860dda50a49bbc9fe65aa44fbc2c1ed5cc6818466aeb4aa5cefe5e1159b33a88	437579
zero	before	1	228.0	Microsoft.NETCore.Platforms	7.0.0	net8.0	legacy	cold	219.5	219.5	0.0	0.0	0.0	1859	0	0	0	e3b0c44298fc1c149afbf4c8996fb92427ae41e4649b934ca495991b7852b855	48954
zero	before	1	228.0	Microsoft.NETCore.Platforms	7.0.0	net8.0	legacy	warm	0.1	0.1	0.0	0.0	0.0	1859	0	0	0	e3b0c44298fc1c149afbf4c8996fb92427ae41e4649b934ca495991b7852b855	48954
zero	after	1	105.0	Microsoft.NETCore.Platforms	7.0.0	net8.0	overview	cold	96.1	96.1	0.0	0.0	0.0	1883	0	0	0	e3b0c44298fc1c149afbf4c8996fb92427ae41e4649b934ca495991b7852b855	48954
zero	after	1	105.0	Microsoft.NETCore.Platforms	7.0.0	net8.0	overview	warm	0.2	0.2	0.0	0.0	0.0	1883	0	0	0	e3b0c44298fc1c149afbf4c8996fb92427ae41e4649b934ca495991b7852b855	48954
avalonia-base	after	2	737.9	Avalonia	12.1.2	net10.0	overview	cold	563.4	412.4	0.0	147.9	3.1	3323	0	5457	497	4579e183a1e64c205539a9955de7c8134072ff84da9e558c1e7cdc6d9f5b3f92	16475372
avalonia-base	after	2	737.9	Avalonia	12.1.2	net10.0	overview	warm	160.5	0.2	0.0	158.1	2.2	3323	0	5457	497	4579e183a1e64c205539a9955de7c8134072ff84da9e558c1e7cdc6d9f5b3f92	16475372
avalonia-base	before	2	2154.0	Avalonia	12.1.2	net10.0	legacy	cold	1363.8	381.6	621.5	357.5	360.4	3269	27756284	5457	497	4579e183a1e64c205539a9955de7c8134072ff84da9e558c1e7cdc6d9f5b3f92	26618595
avalonia-base	before	2	2154.0	Avalonia	12.1.2	net10.0	legacy	warm	762.1	6.5	595.7	157.3	2.6	3269	27756284	5457	497	4579e183a1e64c205539a9955de7c8134072ff84da9e558c1e7cdc6d9f5b3f92	26618595
avalonia-default	after	2	441.8	Avalonia	12.1.2	net10.0	overview	cold	430.2	426.5	0.0	3.1	0.5	3323	0	1707	496	a7e5b7e8cd6de3bafb5f45851fff30a79ed3438cc5b072fabf7f2231a5608064	16475372
avalonia-default	after	2	441.8	Avalonia	12.1.2	net10.0	overview	warm	0.4	0.1	0.0	0.1	0.1	3323	0	1707	496	a7e5b7e8cd6de3bafb5f45851fff30a79ed3438cc5b072fabf7f2231a5608064	16475372
avalonia-default	before	2	2191.1	Avalonia	12.1.2	net10.0	legacy	cold	1404.5	436.7	625.1	339.5	342.3	3269	27756284	5457	497	4579e183a1e64c205539a9955de7c8134072ff84da9e558c1e7cdc6d9f5b3f92	26618595
avalonia-default	before	2	2191.1	Avalonia	12.1.2	net10.0	legacy	warm	760.9	5.8	594.5	158.1	2.4	3269	27756284	5457	497	4579e183a1e64c205539a9955de7c8134072ff84da9e558c1e7cdc6d9f5b3f92	26618595
roslyn	after	2	465.8	Microsoft.CodeAnalysis.CSharp	4.11.0	net8.0	overview	cold	399.6	344.4	0.0	47.7	7.4	1899	0	1840	517	07ada47575ef9882bbeba283ea20d98315f750b9982d8476cd8b15c993cbd2a2	12593086
roslyn	after	2	465.8	Microsoft.CodeAnalysis.CSharp	4.11.0	net8.0	overview	warm	49.7	0.2	0.0	43.0	6.5	1899	0	1840	517	07ada47575ef9882bbeba283ea20d98315f750b9982d8476cd8b15c993cbd2a2	12593086
roslyn	before	2	2283.3	Microsoft.CodeAnalysis.CSharp	4.11.0	net8.0	legacy	cold	1400.7	398.6	760.1	234.6	241.7	1825	6370	1840	517	07ada47575ef9882bbeba283ea20d98315f750b9982d8476cd8b15c993cbd2a2	29512357
roslyn	before	2	2283.3	Microsoft.CodeAnalysis.CSharp	4.11.0	net8.0	legacy	warm	863.2	0.2	768.0	89.1	5.8	1825	6370	1840	517	07ada47575ef9882bbeba283ea20d98315f750b9982d8476cd8b15c993cbd2a2	29512357
dapper	after	2	166.2	Dapper	2.1.66	net8.0	overview	cold	149.0	141.2	0.0	6.9	0.7	1779	0	2833	479	860dda50a49bbc9fe65aa44fbc2c1ed5cc6818466aeb4aa5cefe5e1159b33a88	437579
dapper	after	2	166.2	Dapper	2.1.66	net8.0	overview	warm	8.8	0.2	0.0	8.3	0.3	1779	0	2833	479	860dda50a49bbc9fe65aa44fbc2c1ed5cc6818466aeb4aa5cefe5e1159b33a88	437579
dapper	before	2	158.1	Dapper	2.1.66	net8.0	legacy	cold	127.1	100.2	21.1	5.1	0.6	1728	996934	2833	479	860dda50a49bbc9fe65aa44fbc2c1ed5cc6818466aeb4aa5cefe5e1159b33a88	437579
dapper	before	2	158.1	Dapper	2.1.66	net8.0	legacy	warm	21.0	0.2	12.8	7.6	0.3	1728	996934	2833	479	860dda50a49bbc9fe65aa44fbc2c1ed5cc6818466aeb4aa5cefe5e1159b33a88	437579
zero	after	2	71.0	Microsoft.NETCore.Platforms	7.0.0	net8.0	overview	cold	63.2	63.2	0.0	0.0	0.0	1883	0	0	0	e3b0c44298fc1c149afbf4c8996fb92427ae41e4649b934ca495991b7852b855	48954
zero	after	2	71.0	Microsoft.NETCore.Platforms	7.0.0	net8.0	overview	warm	0.2	0.1	0.0	0.0	0.0	1883	0	0	0	e3b0c44298fc1c149afbf4c8996fb92427ae41e4649b934ca495991b7852b855	48954
zero	before	2	90.1	Microsoft.NETCore.Platforms	7.0.0	net8.0	legacy	cold	82.0	82.0	0.0	0.0	0.0	1859	0	0	0	e3b0c44298fc1c149afbf4c8996fb92427ae41e4649b934ca495991b7852b855	48954
zero	before	2	90.1	Microsoft.NETCore.Platforms	7.0.0	net8.0	legacy	warm	0.1	0.1	0.0	0.0	0.0	1859	0	0	0	e3b0c44298fc1c149afbf4c8996fb92427ae41e4649b934ca495991b7852b855	48954
avalonia-base	before	3	2066.4	Avalonia	12.1.2	net10.0	legacy	cold	1281.2	374.2	603.7	300.2	302.9	3269	27756284	5457	497	4579e183a1e64c205539a9955de7c8134072ff84da9e558c1e7cdc6d9f5b3f92	26618595
avalonia-base	before	3	2066.4	Avalonia	12.1.2	net10.0	legacy	warm	756.1	5.9	591.9	155.8	2.5	3269	27756284	5457	497	4579e183a1e64c205539a9955de7c8134072ff84da9e558c1e7cdc6d9f5b3f92	26618595
avalonia-base	after	3	920.6	Avalonia	12.1.2	net10.0	overview	cold	744.7	600.6	0.0	140.9	3.1	3323	0	5457	497	4579e183a1e64c205539a9955de7c8134072ff84da9e558c1e7cdc6d9f5b3f92	16475372
avalonia-base	after	3	920.6	Avalonia	12.1.2	net10.0	overview	warm	162.7	0.2	0.0	160.3	2.3	3323	0	5457	497	4579e183a1e64c205539a9955de7c8134072ff84da9e558c1e7cdc6d9f5b3f92	16475372
avalonia-default	before	3	2185.9	Avalonia	12.1.2	net10.0	legacy	cold	1395.9	408.0	607.2	377.5	380.4	3269	27756284	5457	497	4579e183a1e64c205539a9955de7c8134072ff84da9e558c1e7cdc6d9f5b3f92	26618595
avalonia-default	before	3	2185.9	Avalonia	12.1.2	net10.0	legacy	warm	763.9	5.8	591.7	163.9	2.5	3269	27756284	5457	497	4579e183a1e64c205539a9955de7c8134072ff84da9e558c1e7cdc6d9f5b3f92	26618595
avalonia-default	after	3	473.5	Avalonia	12.1.2	net10.0	overview	cold	462.1	458.2	0.0	3.3	0.5	3323	0	1707	496	a7e5b7e8cd6de3bafb5f45851fff30a79ed3438cc5b072fabf7f2231a5608064	16475372
avalonia-default	after	3	473.5	Avalonia	12.1.2	net10.0	overview	warm	0.4	0.2	0.0	0.1	0.1	3323	0	1707	496	a7e5b7e8cd6de3bafb5f45851fff30a79ed3438cc5b072fabf7f2231a5608064	16475372
roslyn	before	3	2316.8	Microsoft.CodeAnalysis.CSharp	4.11.0	net8.0	legacy	cold	1447.9	398.2	761.0	281.2	288.4	1825	6370	1840	517	07ada47575ef9882bbeba283ea20d98315f750b9982d8476cd8b15c993cbd2a2	29512357
roslyn	before	3	2316.8	Microsoft.CodeAnalysis.CSharp	4.11.0	net8.0	legacy	warm	849.5	0.2	798.9	44.4	5.9	1825	6370	1840	517	07ada47575ef9882bbeba283ea20d98315f750b9982d8476cd8b15c993cbd2a2	29512357
roslyn	after	3	511.5	Microsoft.CodeAnalysis.CSharp	4.11.0	net8.0	overview	cold	450.3	394.0	0.0	49.5	6.7	1899	0	1840	517	07ada47575ef9882bbeba283ea20d98315f750b9982d8476cd8b15c993cbd2a2	12593086
roslyn	after	3	511.5	Microsoft.CodeAnalysis.CSharp	4.11.0	net8.0	overview	warm	48.4	0.2	0.0	42.3	5.9	1899	0	1840	517	07ada47575ef9882bbeba283ea20d98315f750b9982d8476cd8b15c993cbd2a2	12593086
dapper	before	3	173.9	Dapper	2.1.66	net8.0	legacy	cold	143.0	115.7	21.5	5.1	0.6	1728	996934	2833	479	860dda50a49bbc9fe65aa44fbc2c1ed5cc6818466aeb4aa5cefe5e1159b33a88	437579
dapper	before	3	173.9	Dapper	2.1.66	net8.0	legacy	warm	21.3	0.2	13.1	7.7	0.3	1728	996934	2833	479	860dda50a49bbc9fe65aa44fbc2c1ed5cc6818466aeb4aa5cefe5e1159b33a88	437579
dapper	after	3	124.3	Dapper	2.1.66	net8.0	overview	cold	106.8	99.0	0.0	7.0	0.7	1779	0	2833	479	860dda50a49bbc9fe65aa44fbc2c1ed5cc6818466aeb4aa5cefe5e1159b33a88	437579
dapper	after	3	124.3	Dapper	2.1.66	net8.0	overview	warm	8.7	0.2	0.0	8.2	0.3	1779	0	2833	479	860dda50a49bbc9fe65aa44fbc2c1ed5cc6818466aeb4aa5cefe5e1159b33a88	437579
zero	before	3	89.2	Microsoft.NETCore.Platforms	7.0.0	net8.0	legacy	cold	80.9	80.9	0.0	0.0	0.0	1859	0	0	0	e3b0c44298fc1c149afbf4c8996fb92427ae41e4649b934ca495991b7852b855	48954
zero	before	3	89.2	Microsoft.NETCore.Platforms	7.0.0	net8.0	legacy	warm	0.2	0.2	0.0	0.0	0.0	1859	0	0	0	e3b0c44298fc1c149afbf4c8996fb92427ae41e4649b934ca495991b7852b855	48954
zero	after	3	76.2	Microsoft.NETCore.Platforms	7.0.0	net8.0	overview	cold	68.1	68.1	0.0	0.0	0.0	1883	0	0	0	e3b0c44298fc1c149afbf4c8996fb92427ae41e4649b934ca495991b7852b855	48954
zero	after	3	76.2	Microsoft.NETCore.Platforms	7.0.0	net8.0	overview	warm	0.2	0.2	0.0	0.0	0.0	1883	0	0	0	e3b0c44298fc1c149afbf4c8996fb92427ae41e4649b934ca495991b7852b855	48954
avalonia-base	after	4	791.4	Avalonia	12.1.2	net10.0	overview	cold	617.7	473.6	0.0	140.7	3.3	3323	0	5457	497	4579e183a1e64c205539a9955de7c8134072ff84da9e558c1e7cdc6d9f5b3f92	16475372
avalonia-base	after	4	791.4	Avalonia	12.1.2	net10.0	overview	warm	162.2	0.2	0.0	159.5	2.4	3323	0	5457	497	4579e183a1e64c205539a9955de7c8134072ff84da9e558c1e7cdc6d9f5b3f92	16475372
avalonia-base	before	4	2086.4	Avalonia	12.1.2	net10.0	legacy	cold	1288.6	415.5	612.5	252.0	260.1	3269	27756284	5457	497	4579e183a1e64c205539a9955de7c8134072ff84da9e558c1e7cdc6d9f5b3f92	26618595
avalonia-base	before	4	2086.4	Avalonia	12.1.2	net10.0	legacy	warm	767.1	0.3	607.2	156.9	2.7	3269	27756284	5457	497	4579e183a1e64c205539a9955de7c8134072ff84da9e558c1e7cdc6d9f5b3f92	26618595
avalonia-default	after	4	442.6	Avalonia	12.1.2	net10.0	overview	cold	431.3	427.8	0.0	3.0	0.5	3323	0	1707	496	a7e5b7e8cd6de3bafb5f45851fff30a79ed3438cc5b072fabf7f2231a5608064	16475372
avalonia-default	after	4	442.6	Avalonia	12.1.2	net10.0	overview	warm	0.3	0.1	0.0	0.1	0.1	3323	0	1707	496	a7e5b7e8cd6de3bafb5f45851fff30a79ed3438cc5b072fabf7f2231a5608064	16475372
avalonia-default	before	4	2122.3	Avalonia	12.1.2	net10.0	legacy	cold	1314.9	394.7	622.9	294.1	296.9	3269	27756284	5457	497	4579e183a1e64c205539a9955de7c8134072ff84da9e558c1e7cdc6d9f5b3f92	26618595
avalonia-default	before	4	2122.3	Avalonia	12.1.2	net10.0	legacy	warm	773.0	0.3	604.0	166.0	2.7	3269	27756284	5457	497	4579e183a1e64c205539a9955de7c8134072ff84da9e558c1e7cdc6d9f5b3f92	26618595
roslyn	after	4	508.1	Microsoft.CodeAnalysis.CSharp	4.11.0	net8.0	overview	cold	447.1	390.1	0.0	50.3	6.6	1899	0	1840	517	07ada47575ef9882bbeba283ea20d98315f750b9982d8476cd8b15c993cbd2a2	12593086
roslyn	after	4	508.1	Microsoft.CodeAnalysis.CSharp	4.11.0	net8.0	overview	warm	49.1	0.2	0.0	43.0	5.9	1899	0	1840	517	07ada47575ef9882bbeba283ea20d98315f750b9982d8476cd8b15c993cbd2a2	12593086
roslyn	before	4	2491.5	Microsoft.CodeAnalysis.CSharp	4.11.0	net8.0	legacy	cold	1585.6	493.4	767.3	317.2	324.5	1825	6370	1840	517	07ada47575ef9882bbeba283ea20d98315f750b9982d8476cd8b15c993cbd2a2	29512357
roslyn	before	4	2491.5	Microsoft.CodeAnalysis.CSharp	4.11.0	net8.0	legacy	warm	884.8	0.2	793.8	85.0	5.8	1825	6370	1840	517	07ada47575ef9882bbeba283ea20d98315f750b9982d8476cd8b15c993cbd2a2	29512357
dapper	after	4	137.0	Dapper	2.1.66	net8.0	overview	cold	119.1	111.3	0.0	6.9	0.7	1779	0	2833	479	860dda50a49bbc9fe65aa44fbc2c1ed5cc6818466aeb4aa5cefe5e1159b33a88	437579
dapper	after	4	137.0	Dapper	2.1.66	net8.0	overview	warm	8.6	0.2	0.0	8.1	0.3	1779	0	2833	479	860dda50a49bbc9fe65aa44fbc2c1ed5cc6818466aeb4aa5cefe5e1159b33a88	437579
dapper	before	4	205.5	Dapper	2.1.66	net8.0	legacy	cold	175.1	144.9	24.1	5.3	0.6	1728	996934	2833	479	860dda50a49bbc9fe65aa44fbc2c1ed5cc6818466aeb4aa5cefe5e1159b33a88	437579
dapper	before	4	205.5	Dapper	2.1.66	net8.0	legacy	warm	21.1	0.2	13.0	7.6	0.3	1728	996934	2833	479	860dda50a49bbc9fe65aa44fbc2c1ed5cc6818466aeb4aa5cefe5e1159b33a88	437579
zero	after	4	83.2	Microsoft.NETCore.Platforms	7.0.0	net8.0	overview	cold	75.1	75.1	0.0	0.0	0.0	1883	0	0	0	e3b0c44298fc1c149afbf4c8996fb92427ae41e4649b934ca495991b7852b855	48954
zero	after	4	83.2	Microsoft.NETCore.Platforms	7.0.0	net8.0	overview	warm	0.2	0.2	0.0	0.0	0.0	1883	0	0	0	e3b0c44298fc1c149afbf4c8996fb92427ae41e4649b934ca495991b7852b855	48954
zero	before	4	79.9	Microsoft.NETCore.Platforms	7.0.0	net8.0	legacy	cold	71.2	71.2	0.0	0.0	0.0	1859	0	0	0	e3b0c44298fc1c149afbf4c8996fb92427ae41e4649b934ca495991b7852b855	48954
zero	before	4	79.9	Microsoft.NETCore.Platforms	7.0.0	net8.0	legacy	warm	0.5	0.5	0.0	0.0	0.0	1859	0	0	0	e3b0c44298fc1c149afbf4c8996fb92427ae41e4649b934ca495991b7852b855	48954
avalonia-base	before	5	2060.5	Avalonia	12.1.2	net10.0	legacy	cold	1259.4	368.9	606.7	274.8	283.3	3269	27756284	5457	497	4579e183a1e64c205539a9955de7c8134072ff84da9e558c1e7cdc6d9f5b3f92	26618595
avalonia-base	before	5	2060.5	Avalonia	12.1.2	net10.0	legacy	warm	771.7	0.3	602.8	165.9	2.7	3269	27756284	5457	497	4579e183a1e64c205539a9955de7c8134072ff84da9e558c1e7cdc6d9f5b3f92	26618595
avalonia-base	after	5	753.1	Avalonia	12.1.2	net10.0	overview	cold	588.8	443.7	0.0	141.7	3.3	3323	0	5457	497	4579e183a1e64c205539a9955de7c8134072ff84da9e558c1e7cdc6d9f5b3f92	16475372
avalonia-base	after	5	753.1	Avalonia	12.1.2	net10.0	overview	warm	152.4	0.2	0.0	150.0	2.2	3323	0	5457	497	4579e183a1e64c205539a9955de7c8134072ff84da9e558c1e7cdc6d9f5b3f92	16475372
avalonia-default	before	5	2158.1	Avalonia	12.1.2	net10.0	legacy	cold	1358.0	382.5	617.4	354.8	357.7	3269	27756284	5457	497	4579e183a1e64c205539a9955de7c8134072ff84da9e558c1e7cdc6d9f5b3f92	26618595
avalonia-default	before	5	2158.1	Avalonia	12.1.2	net10.0	legacy	warm	771.8	5.9	599.8	163.5	2.5	3269	27756284	5457	497	4579e183a1e64c205539a9955de7c8134072ff84da9e558c1e7cdc6d9f5b3f92	26618595
avalonia-default	after	5	456.6	Avalonia	12.1.2	net10.0	overview	cold	446.3	442.6	0.0	3.2	0.5	3323	0	1707	496	a7e5b7e8cd6de3bafb5f45851fff30a79ed3438cc5b072fabf7f2231a5608064	16475372
avalonia-default	after	5	456.6	Avalonia	12.1.2	net10.0	overview	warm	0.3	0.1	0.0	0.1	0.1	3323	0	1707	496	a7e5b7e8cd6de3bafb5f45851fff30a79ed3438cc5b072fabf7f2231a5608064	16475372
roslyn	before	5	2325.4	Microsoft.CodeAnalysis.CSharp	4.11.0	net8.0	legacy	cold	1434.2	373.9	760.5	292.1	299.4	1825	6370	1840	517	07ada47575ef9882bbeba283ea20d98315f750b9982d8476cd8b15c993cbd2a2	29512357
roslyn	before	5	2325.4	Microsoft.CodeAnalysis.CSharp	4.11.0	net8.0	legacy	warm	872.0	0.2	781.3	84.8	5.8	1825	6370	1840	517	07ada47575ef9882bbeba283ea20d98315f750b9982d8476cd8b15c993cbd2a2	29512357
roslyn	after	5	529.6	Microsoft.CodeAnalysis.CSharp	4.11.0	net8.0	overview	cold	468.3	412.5	0.0	49.0	6.7	1899	0	1840	517	07ada47575ef9882bbeba283ea20d98315f750b9982d8476cd8b15c993cbd2a2	12593086
roslyn	after	5	529.6	Microsoft.CodeAnalysis.CSharp	4.11.0	net8.0	overview	warm	48.6	0.2	0.0	42.4	6.0	1899	0	1840	517	07ada47575ef9882bbeba283ea20d98315f750b9982d8476cd8b15c993cbd2a2	12593086
dapper	before	5	174.0	Dapper	2.1.66	net8.0	legacy	cold	144.1	116.6	21.6	5.2	0.6	1728	996934	2833	479	860dda50a49bbc9fe65aa44fbc2c1ed5cc6818466aeb4aa5cefe5e1159b33a88	437579
dapper	before	5	174.0	Dapper	2.1.66	net8.0	legacy	warm	21.1	0.2	12.8	7.7	0.3	1728	996934	2833	479	860dda50a49bbc9fe65aa44fbc2c1ed5cc6818466aeb4aa5cefe5e1159b33a88	437579
dapper	after	5	133.8	Dapper	2.1.66	net8.0	overview	cold	116.7	108.9	0.0	7.0	0.7	1779	0	2833	479	860dda50a49bbc9fe65aa44fbc2c1ed5cc6818466aeb4aa5cefe5e1159b33a88	437579
dapper	after	5	133.8	Dapper	2.1.66	net8.0	overview	warm	8.7	0.2	0.0	8.1	0.3	1779	0	2833	479	860dda50a49bbc9fe65aa44fbc2c1ed5cc6818466aeb4aa5cefe5e1159b33a88	437579
zero	before	5	79.1	Microsoft.NETCore.Platforms	7.0.0	net8.0	legacy	cold	69.9	69.9	0.0	0.0	0.0	1859	0	0	0	e3b0c44298fc1c149afbf4c8996fb92427ae41e4649b934ca495991b7852b855	48954
zero	before	5	79.1	Microsoft.NETCore.Platforms	7.0.0	net8.0	legacy	warm	0.2	0.2	0.0	0.0	0.0	1859	0	0	0	e3b0c44298fc1c149afbf4c8996fb92427ae41e4649b934ca495991b7852b855	48954
zero	after	5	83.7	Microsoft.NETCore.Platforms	7.0.0	net8.0	overview	cold	75.4	75.4	0.0	0.0	0.0	1883	0	0	0	e3b0c44298fc1c149afbf4c8996fb92427ae41e4649b934ca495991b7852b855	48954
zero	after	5	83.7	Microsoft.NETCore.Platforms	7.0.0	net8.0	overview	warm	0.2	0.1	0.0	0.0	0.0	1883	0	0	0	e3b0c44298fc1c149afbf4c8996fb92427ae41e4649b934ca495991b7852b855	48954
avalonia-base	after	6	919.0	Avalonia	12.1.2	net10.0	overview	cold	755.0	608.3	0.0	143.2	3.4	3323	0	5457	497	4579e183a1e64c205539a9955de7c8134072ff84da9e558c1e7cdc6d9f5b3f92	16475372
avalonia-base	after	6	919.0	Avalonia	12.1.2	net10.0	overview	warm	150.8	0.2	0.0	148.1	2.5	3323	0	5457	497	4579e183a1e64c205539a9955de7c8134072ff84da9e558c1e7cdc6d9f5b3f92	16475372
avalonia-base	before	6	2140.0	Avalonia	12.1.2	net10.0	legacy	cold	1344.2	447.0	608.7	278.9	288.1	3269	27756284	5457	497	4579e183a1e64c205539a9955de7c8134072ff84da9e558c1e7cdc6d9f5b3f92	26618595
avalonia-base	before	6	2140.0	Avalonia	12.1.2	net10.0	legacy	warm	767.6	0.2	608.4	156.1	2.8	3269	27756284	5457	497	4579e183a1e64c205539a9955de7c8134072ff84da9e558c1e7cdc6d9f5b3f92	26618595
avalonia-default	after	6	386.0	Avalonia	12.1.2	net10.0	overview	cold	374.0	370.0	0.0	3.4	0.5	3323	0	1707	496	a7e5b7e8cd6de3bafb5f45851fff30a79ed3438cc5b072fabf7f2231a5608064	16475372
avalonia-default	after	6	386.0	Avalonia	12.1.2	net10.0	overview	warm	0.4	0.2	0.0	0.1	0.1	3323	0	1707	496	a7e5b7e8cd6de3bafb5f45851fff30a79ed3438cc5b072fabf7f2231a5608064	16475372
avalonia-default	before	6	2087.4	Avalonia	12.1.2	net10.0	legacy	cold	1289.1	411.6	613.9	255.1	263.3	3269	27756284	5457	497	4579e183a1e64c205539a9955de7c8134072ff84da9e558c1e7cdc6d9f5b3f92	26618595
avalonia-default	before	6	2087.4	Avalonia	12.1.2	net10.0	legacy	warm	767.8	0.3	606.7	158.1	2.7	3269	27756284	5457	497	4579e183a1e64c205539a9955de7c8134072ff84da9e558c1e7cdc6d9f5b3f92	26618595
roslyn	after	6	559.9	Microsoft.CodeAnalysis.CSharp	4.11.0	net8.0	overview	cold	497.5	439.5	0.0	50.9	6.9	1899	0	1840	517	07ada47575ef9882bbeba283ea20d98315f750b9982d8476cd8b15c993cbd2a2	12593086
roslyn	after	6	559.9	Microsoft.CodeAnalysis.CSharp	4.11.0	net8.0	overview	warm	48.9	0.2	0.0	43.0	5.7	1899	0	1840	517	07ada47575ef9882bbeba283ea20d98315f750b9982d8476cd8b15c993cbd2a2	12593086
roslyn	before	6	2327.7	Microsoft.CodeAnalysis.CSharp	4.11.0	net8.0	legacy	cold	1445.6	401.7	756.0	280.0	287.5	1825	6370	1840	517	07ada47575ef9882bbeba283ea20d98315f750b9982d8476cd8b15c993cbd2a2	29512357
roslyn	before	6	2327.7	Microsoft.CodeAnalysis.CSharp	4.11.0	net8.0	legacy	warm	863.6	0.2	770.4	87.1	5.8	1825	6370	1840	517	07ada47575ef9882bbeba283ea20d98315f750b9982d8476cd8b15c993cbd2a2	29512357
dapper	after	6	140.0	Dapper	2.1.66	net8.0	overview	cold	121.7	113.2	0.0	7.7	0.7	1779	0	2833	479	860dda50a49bbc9fe65aa44fbc2c1ed5cc6818466aeb4aa5cefe5e1159b33a88	437579
dapper	after	6	140.0	Dapper	2.1.66	net8.0	overview	warm	9.5	0.2	0.0	8.8	0.5	1779	0	2833	479	860dda50a49bbc9fe65aa44fbc2c1ed5cc6818466aeb4aa5cefe5e1159b33a88	437579
dapper	before	6	176.5	Dapper	2.1.66	net8.0	legacy	cold	144.7	115.1	23.1	5.6	0.7	1728	996934	2833	479	860dda50a49bbc9fe65aa44fbc2c1ed5cc6818466aeb4aa5cefe5e1159b33a88	437579
dapper	before	6	176.5	Dapper	2.1.66	net8.0	legacy	warm	21.4	0.2	13.2	7.7	0.3	1728	996934	2833	479	860dda50a49bbc9fe65aa44fbc2c1ed5cc6818466aeb4aa5cefe5e1159b33a88	437579
zero	after	6	82.6	Microsoft.NETCore.Platforms	7.0.0	net8.0	overview	cold	74.4	74.4	0.0	0.0	0.0	1883	0	0	0	e3b0c44298fc1c149afbf4c8996fb92427ae41e4649b934ca495991b7852b855	48954
zero	after	6	82.6	Microsoft.NETCore.Platforms	7.0.0	net8.0	overview	warm	0.2	0.1	0.0	0.0	0.0	1883	0	0	0	e3b0c44298fc1c149afbf4c8996fb92427ae41e4649b934ca495991b7852b855	48954
zero	before	6	82.1	Microsoft.NETCore.Platforms	7.0.0	net8.0	legacy	cold	73.8	73.8	0.0	0.0	0.0	1859	0	0	0	e3b0c44298fc1c149afbf4c8996fb92427ae41e4649b934ca495991b7852b855	48954
zero	before	6	82.1	Microsoft.NETCore.Platforms	7.0.0	net8.0	legacy	warm	0.2	0.2	0.0	0.0	0.0	1859	0	0	0	e3b0c44298fc1c149afbf4c8996fb92427ae41e4649b934ca495991b7852b855	48954
avalonia-base	before	7	2081.6	Avalonia	12.1.2	net10.0	legacy	cold	1277.0	374.2	609.8	289.8	292.5	3269	27756284	5457	497	4579e183a1e64c205539a9955de7c8134072ff84da9e558c1e7cdc6d9f5b3f92	26618595
avalonia-base	before	7	2081.6	Avalonia	12.1.2	net10.0	legacy	warm	778.8	5.7	605.7	164.4	2.9	3269	27756284	5457	497	4579e183a1e64c205539a9955de7c8134072ff84da9e558c1e7cdc6d9f5b3f92	26618595
avalonia-base	after	7	742.9	Avalonia	12.1.2	net10.0	overview	cold	575.1	432.6	0.0	139.2	3.2	3323	0	5457	497	4579e183a1e64c205539a9955de7c8134072ff84da9e558c1e7cdc6d9f5b3f92	16475372
avalonia-base	after	7	742.9	Avalonia	12.1.2	net10.0	overview	warm	154.0	0.2	0.0	151.5	2.3	3323	0	5457	497	4579e183a1e64c205539a9955de7c8134072ff84da9e558c1e7cdc6d9f5b3f92	16475372
avalonia-default	before	7	2110.0	Avalonia	12.1.2	net10.0	legacy	cold	1313.7	405.1	615.2	290.0	292.9	3269	27756284	5457	497	4579e183a1e64c205539a9955de7c8134072ff84da9e558c1e7cdc6d9f5b3f92	26618595
avalonia-default	before	7	2110.0	Avalonia	12.1.2	net10.0	legacy	warm	769.9	5.8	592.9	168.4	2.7	3269	27756284	5457	497	4579e183a1e64c205539a9955de7c8134072ff84da9e558c1e7cdc6d9f5b3f92	26618595
avalonia-default	after	7	439.0	Avalonia	12.1.2	net10.0	overview	cold	427.7	423.5	0.0	3.5	0.5	3323	0	1707	496	a7e5b7e8cd6de3bafb5f45851fff30a79ed3438cc5b072fabf7f2231a5608064	16475372
avalonia-default	after	7	439.0	Avalonia	12.1.2	net10.0	overview	warm	0.4	0.2	0.0	0.1	0.1	3323	0	1707	496	a7e5b7e8cd6de3bafb5f45851fff30a79ed3438cc5b072fabf7f2231a5608064	16475372
roslyn	before	7	2263.7	Microsoft.CodeAnalysis.CSharp	4.11.0	net8.0	legacy	cold	1434.3	398.8	753.4	274.9	281.8	1825	6370	1840	517	07ada47575ef9882bbeba283ea20d98315f750b9982d8476cd8b15c993cbd2a2	29512357
roslyn	before	7	2263.7	Microsoft.CodeAnalysis.CSharp	4.11.0	net8.0	legacy	warm	808.4	0.2	757.3	44.9	6.0	1825	6370	1840	517	07ada47575ef9882bbeba283ea20d98315f750b9982d8476cd8b15c993cbd2a2	29512357
roslyn	after	7	534.2	Microsoft.CodeAnalysis.CSharp	4.11.0	net8.0	overview	cold	474.3	416.5	0.0	51.1	6.6	1899	0	1840	517	07ada47575ef9882bbeba283ea20d98315f750b9982d8476cd8b15c993cbd2a2	12593086
roslyn	after	7	534.2	Microsoft.CodeAnalysis.CSharp	4.11.0	net8.0	overview	warm	48.6	0.2	0.0	42.6	5.8	1899	0	1840	517	07ada47575ef9882bbeba283ea20d98315f750b9982d8476cd8b15c993cbd2a2	12593086
dapper	before	7	179.5	Dapper	2.1.66	net8.0	legacy	cold	146.6	116.3	24.1	5.5	0.6	1728	996934	2833	479	860dda50a49bbc9fe65aa44fbc2c1ed5cc6818466aeb4aa5cefe5e1159b33a88	437579
dapper	before	7	179.5	Dapper	2.1.66	net8.0	legacy	warm	23.2	0.3	13.5	9.1	0.3	1728	996934	2833	479	860dda50a49bbc9fe65aa44fbc2c1ed5cc6818466aeb4aa5cefe5e1159b33a88	437579
dapper	after	7	151.0	Dapper	2.1.66	net8.0	overview	cold	133.3	125.2	0.0	7.3	0.8	1779	0	2833	479	860dda50a49bbc9fe65aa44fbc2c1ed5cc6818466aeb4aa5cefe5e1159b33a88	437579
dapper	after	7	151.0	Dapper	2.1.66	net8.0	overview	warm	8.7	0.2	0.0	8.2	0.3	1779	0	2833	479	860dda50a49bbc9fe65aa44fbc2c1ed5cc6818466aeb4aa5cefe5e1159b33a88	437579
zero	before	7	84.4	Microsoft.NETCore.Platforms	7.0.0	net8.0	legacy	cold	76.0	76.0	0.0	0.0	0.0	1859	0	0	0	e3b0c44298fc1c149afbf4c8996fb92427ae41e4649b934ca495991b7852b855	48954
zero	before	7	84.4	Microsoft.NETCore.Platforms	7.0.0	net8.0	legacy	warm	0.1	0.1	0.0	0.0	0.0	1859	0	0	0	e3b0c44298fc1c149afbf4c8996fb92427ae41e4649b934ca495991b7852b855	48954
zero	after	7	83.8	Microsoft.NETCore.Platforms	7.0.0	net8.0	overview	cold	75.9	75.9	0.0	0.0	0.0	1883	0	0	0	e3b0c44298fc1c149afbf4c8996fb92427ae41e4649b934ca495991b7852b855	48954
zero	after	7	83.8	Microsoft.NETCore.Platforms	7.0.0	net8.0	overview	warm	0.2	0.2	0.0	0.0	0.0	1883	0	0	0	e3b0c44298fc1c149afbf4c8996fb92427ae41e4649b934ca495991b7852b855	48954
