case	mode	stage	occurrence	ms
avalonia-base	legacy	directory	1	56.576
avalonia-base	legacy	span-body:214377:3074	1	9.389
avalonia-base	legacy	span-body:1277820:1077848	1	73.798
avalonia-base	legacy	span-body:4745314:176210	1	90.702
avalonia-base	legacy	span-body:5095688:123307	1	94.935
avalonia-base	legacy	span-body:6191512:149095	1	104.822
avalonia-base	legacy	span-body:5340236:601111	1	114.981
avalonia-base	legacy	span-body:3431009:658149	1	124.265
avalonia-base	legacy	span-body:6487653:1819747	1	62.457
avalonia-base	legacy	expand-check:lib/net10.0/Avalonia.dll:4096	1	0.072
avalonia-base	legacy	expand-check:lib/net10.0/Avalonia.xml:133	1	0.005
avalonia-base	legacy	expand-check:lib/net10.0/Avalonia.Base.dll:2355200	1	8.509
avalonia-base	legacy	expand-check:lib/net10.0/Avalonia.Base.xml:2156791	1	6.159
avalonia-base	legacy	expand-check:lib/net10.0/Avalonia.Controls.dll:1347072	1	4.312
avalonia-base	legacy	expand-check:lib/net10.0/Avalonia.Controls.xml:1402671	1	3.127
avalonia-base	legacy	expand-check:lib/net10.0/Avalonia.DesignerSupport.dll:214528	1	0.533
avalonia-base	legacy	expand-check:lib/net10.0/Avalonia.DesignerSupport.xml:149	1	0.003
avalonia-base	legacy	expand-check:lib/net10.0/Avalonia.Dialogs.dll:242688	1	0.879
avalonia-base	legacy	expand-check:lib/net10.0/Avalonia.Dialogs.xml:657	1	0.006
avalonia-base	legacy	expand-check:lib/net10.0/Avalonia.Metal.dll:15360	1	0.051
avalonia-base	legacy	expand-check:lib/net10.0/Avalonia.Metal.xml:139	1	0.002
avalonia-base	legacy	expand-check:lib/net10.0/Avalonia.MicroCom.dll:15360	1	0.046
avalonia-base	legacy	expand-check:lib/net10.0/Avalonia.MicroCom.xml:142	1	0.002
avalonia-base	legacy	expand-check:lib/net10.0/Avalonia.OpenGL.dll:128512	1	0.419
avalonia-base	legacy	expand-check:lib/net10.0/Avalonia.OpenGL.xml:11959	1	0.038
avalonia-base	legacy	expand-check:lib/net10.0/Avalonia.Vulkan.dll:191488	1	0.590
avalonia-base	legacy	expand-check:lib/net10.0/Avalonia.Vulkan.xml:1663	1	0.007
avalonia-base	legacy	expand-check:lib/net10.0/Avalonia.Markup.Xaml.dll:74752	1	0.270
avalonia-base	legacy	expand-check:lib/net10.0/Avalonia.Markup.Xaml.xml:25941	1	0.068
avalonia-base	legacy	expand-check:lib/net10.0/Avalonia.Markup.dll:45568	1	0.157
avalonia-base	legacy	expand-check:lib/net10.0/Avalonia.Markup.xml:4424	1	0.015
avalonia-base	legacy	expand-check:ref/net10.0/Avalonia.xml:133	1	0.002
avalonia-base	legacy	expand-check:ref/net10.0/Avalonia.Base.xml:2156791	1	5.379
avalonia-base	legacy	expand-check:ref/net10.0/Avalonia.Controls.xml:1402671	1	3.163
avalonia-base	legacy	expand-check:ref/net10.0/Avalonia.DesignerSupport.xml:149	1	0.005
avalonia-base	legacy	expand-check:ref/net10.0/Avalonia.Dialogs.xml:657	1	0.006
avalonia-base	legacy	expand-check:ref/net10.0/Avalonia.Metal.xml:139	1	0.002
avalonia-base	legacy	expand-check:ref/net10.0/Avalonia.MicroCom.xml:142	1	0.001
avalonia-base	legacy	expand-check:ref/net10.0/Avalonia.OpenGL.xml:11959	1	0.031
avalonia-base	legacy	expand-check:ref/net10.0/Avalonia.Vulkan.xml:1663	1	0.006
avalonia-base	legacy	expand-check:ref/net10.0/Avalonia.Markup.Xaml.xml:25941	1	0.058
avalonia-base	legacy	expand-check:ref/net10.0/Avalonia.Markup.xml:4424	1	0.013
avalonia-base	legacy	expand-check:ref/net10.0/Avalonia.dll:4096	1	0.015
avalonia-base	legacy	expand-check:ref/net10.0/Avalonia.Base.dll:2351616	1	7.246
avalonia-base	legacy	expand-check:ref/net10.0/Avalonia.Controls.dll:1346560	1	4.397
avalonia-base	legacy	expand-check:ref/net10.0/Avalonia.DesignerSupport.dll:214528	1	0.516
avalonia-base	legacy	expand-check:ref/net10.0/Avalonia.Dialogs.dll:242688	1	0.851
avalonia-base	legacy	expand-check:ref/net10.0/Avalonia.Metal.dll:15360	1	0.045
avalonia-base	legacy	expand-check:ref/net10.0/Avalonia.MicroCom.dll:15360	1	0.039
avalonia-base	legacy	expand-check:ref/net10.0/Avalonia.OpenGL.dll:128512	1	0.395
avalonia-base	legacy	expand-check:ref/net10.0/Avalonia.Vulkan.dll:191488	1	0.571
avalonia-base	legacy	expand-check:ref/net10.0/Avalonia.Markup.Xaml.dll:74240	1	0.256
avalonia-base	legacy	expand-check:ref/net10.0/Avalonia.Markup.dll:45056	1	0.156
avalonia-base	legacy	expand-check:Avalonia.nuspec:1906	1	0.009
avalonia-base	legacy	entry-batches-wall	1	184.846
avalonia-base	legacy	summary-serialize	1	0.855
avalonia-base	legacy	broad-serialize	1	44.736
avalonia-base	legacy	library-scope-inspection	1	157.027
avalonia-base	legacy	library-wire	1	0.028
avalonia-base	legacy	library-serialize	1	0.216
avalonia-base	legacy	summary-serialize	2	0.023
avalonia-base	legacy	broad-serialize	2	36.398
avalonia-base	legacy	library-scope-inspection	2	153.777
avalonia-base	legacy	library-wire	2	0.013
avalonia-base	legacy	library-serialize	2	0.023
avalonia-base	overview	directory	1	56.177
avalonia-base	overview	span-body:214377:3074	1	13.578
avalonia-base	overview	span-body:1277820:1077848	1	78.959
avalonia-base	overview	span-body:5095688:123307	1	93.774
avalonia-base	overview	span-body:4745314:176210	1	109.778
avalonia-base	overview	span-body:6191512:149095	1	113.083
avalonia-base	overview	span-body:3431009:658149	1	132.163
avalonia-base	overview	span-body:6487653:1819747	1	55.676
avalonia-base	overview	span-body:5340236:601111	1	139.161
avalonia-base	overview	expand-check:lib/net10.0/Avalonia.dll:4096	1	0.056
avalonia-base	overview	expand-check:lib/net10.0/Avalonia.xml:133	1	0.005
avalonia-base	overview	expand-check:lib/net10.0/Avalonia.Base.dll:2355200	1	10.074
avalonia-base	overview	expand-check:lib/net10.0/Avalonia.Base.xml:2156791	1	7.482
avalonia-base	overview	expand-check:lib/net10.0/Avalonia.Controls.dll:1347072	1	5.265
avalonia-base	overview	expand-check:lib/net10.0/Avalonia.Controls.xml:1402671	1	3.634
avalonia-base	overview	expand-check:lib/net10.0/Avalonia.DesignerSupport.dll:214528	1	0.626
avalonia-base	overview	expand-check:lib/net10.0/Avalonia.DesignerSupport.xml:149	1	0.004
avalonia-base	overview	expand-check:lib/net10.0/Avalonia.Dialogs.dll:242688	1	1.285
avalonia-base	overview	expand-check:lib/net10.0/Avalonia.Dialogs.xml:657	1	0.025
avalonia-base	overview	expand-check:lib/net10.0/Avalonia.Metal.dll:15360	1	0.058
avalonia-base	overview	expand-check:lib/net10.0/Avalonia.Metal.xml:139	1	0.002
avalonia-base	overview	expand-check:lib/net10.0/Avalonia.MicroCom.dll:15360	1	0.053
avalonia-base	overview	expand-check:lib/net10.0/Avalonia.MicroCom.xml:142	1	0.003
avalonia-base	overview	expand-check:lib/net10.0/Avalonia.OpenGL.dll:128512	1	0.467
avalonia-base	overview	expand-check:lib/net10.0/Avalonia.OpenGL.xml:11959	1	0.039
avalonia-base	overview	expand-check:lib/net10.0/Avalonia.Vulkan.dll:191488	1	0.684
avalonia-base	overview	expand-check:lib/net10.0/Avalonia.Vulkan.xml:1663	1	0.011
avalonia-base	overview	expand-check:lib/net10.0/Avalonia.Markup.Xaml.dll:74752	1	0.332
avalonia-base	overview	expand-check:lib/net10.0/Avalonia.Markup.Xaml.xml:25941	1	0.088
avalonia-base	overview	expand-check:lib/net10.0/Avalonia.Markup.dll:45568	1	0.197
avalonia-base	overview	expand-check:lib/net10.0/Avalonia.Markup.xml:4424	1	0.019
avalonia-base	overview	expand-check:ref/net10.0/Avalonia.xml:133	1	0.003
avalonia-base	overview	expand-check:ref/net10.0/Avalonia.Base.xml:2156791	1	6.111
avalonia-base	overview	expand-check:ref/net10.0/Avalonia.Controls.xml:1402671	1	3.634
avalonia-base	overview	expand-check:ref/net10.0/Avalonia.DesignerSupport.xml:149	1	0.003
avalonia-base	overview	expand-check:ref/net10.0/Avalonia.Dialogs.xml:657	1	0.006
avalonia-base	overview	expand-check:ref/net10.0/Avalonia.Metal.xml:139	1	0.002
avalonia-base	overview	expand-check:ref/net10.0/Avalonia.MicroCom.xml:142	1	0.001
avalonia-base	overview	expand-check:ref/net10.0/Avalonia.OpenGL.xml:11959	1	0.039
avalonia-base	overview	expand-check:ref/net10.0/Avalonia.Vulkan.xml:1663	1	0.008
avalonia-base	overview	expand-check:ref/net10.0/Avalonia.Markup.Xaml.xml:25941	1	0.073
avalonia-base	overview	expand-check:ref/net10.0/Avalonia.Markup.xml:4424	1	0.020
avalonia-base	overview	expand-check:ref/net10.0/Avalonia.dll:4096	1	0.023
avalonia-base	overview	expand-check:ref/net10.0/Avalonia.Base.dll:2351616	1	9.899
avalonia-base	overview	expand-check:ref/net10.0/Avalonia.Controls.dll:1346560	1	5.948
avalonia-base	overview	expand-check:ref/net10.0/Avalonia.DesignerSupport.dll:214528	1	0.677
avalonia-base	overview	expand-check:ref/net10.0/Avalonia.Dialogs.dll:242688	1	1.073
avalonia-base	overview	expand-check:ref/net10.0/Avalonia.Metal.dll:15360	1	0.055
avalonia-base	overview	expand-check:ref/net10.0/Avalonia.MicroCom.dll:15360	1	0.051
avalonia-base	overview	expand-check:ref/net10.0/Avalonia.OpenGL.dll:128512	1	0.517
avalonia-base	overview	expand-check:ref/net10.0/Avalonia.Vulkan.dll:191488	1	0.767
avalonia-base	overview	expand-check:ref/net10.0/Avalonia.Markup.Xaml.dll:74240	1	0.335
avalonia-base	overview	expand-check:ref/net10.0/Avalonia.Markup.dll:45056	1	0.196
avalonia-base	overview	expand-check:Avalonia.nuspec:1906	1	0.012
avalonia-base	overview	entry-batches-wall	1	199.224
avalonia-base	overview	summary-serialize	1	1.044
avalonia-base	overview	library-scope-inspection	1	157.703
avalonia-base	overview	library-wire	1	0.028
avalonia-base	overview	library-serialize	1	0.256
avalonia-base	overview	summary-serialize	2	0.019
avalonia-base	overview	library-scope-inspection	2	159.463
avalonia-base	overview	library-wire	2	0.014
avalonia-base	overview	library-serialize	2	0.024
dapper	legacy	summary-serialize	1	0.971
dapper	legacy	broad-serialize	1	3.842
dapper	legacy	library-scope-inspection	1	4.533
dapper	legacy	library-wire	1	0.024
dapper	legacy	library-serialize	1	0.201
dapper	legacy	summary-serialize	2	0.013
dapper	legacy	broad-serialize	2	1.019
dapper	legacy	library-scope-inspection	2	7.880
dapper	legacy	library-wire	2	0.012
dapper	legacy	library-serialize	2	0.014
dapper	overview	summary-serialize	1	0.915
dapper	overview	library-scope-inspection	1	7.749
dapper	overview	library-wire	1	0.023
dapper	overview	library-serialize	1	0.220
dapper	overview	summary-serialize	2	0.008
dapper	overview	library-scope-inspection	2	8.680
dapper	overview	library-wire	2	0.009
dapper	overview	library-serialize	2	0.012
roslyn	legacy	directory	1	61.255
roslyn	legacy	span-body:328:1989	1	8.762
roslyn	legacy	span-body:1280785:1280459	1	94.132
roslyn	legacy	span-body:9640968:2675677	1	203.521
roslyn	legacy	expand-check:lib/net8.0/Microsoft.CodeAnalysis.CSharp.pdb:2773564	1	10.552
roslyn	legacy	expand-check:lib/net8.0/Microsoft.CodeAnalysis.CSharp.dll:6523664	1	22.893
roslyn	legacy	expand-check:lib/net8.0/Microsoft.CodeAnalysis.CSharp.xml:3292586	1	8.744
roslyn	legacy	expand-check:Microsoft.CodeAnalysis.CSharp.nuspec:3272	1	0.015
roslyn	legacy	entry-batches-wall	1	245.901
roslyn	legacy	summary-serialize	1	1.022
roslyn	legacy	broad-serialize	1	0.039
roslyn	legacy	library-scope-inspection	1	45.487
roslyn	legacy	library-wire	1	0.015
roslyn	legacy	library-serialize	1	0.215
roslyn	legacy	summary-serialize	2	0.020
roslyn	legacy	broad-serialize	2	0.038
roslyn	legacy	library-scope-inspection	2	88.449
roslyn	legacy	library-wire	2	0.011
roslyn	legacy	library-serialize	2	0.019
roslyn	overview	directory	1	55.257
roslyn	overview	span-body:328:1989	1	9.729
roslyn	overview	span-body:1280785:1280459	1	73.247
roslyn	overview	span-body:9640968:2675677	1	204.206
roslyn	overview	expand-check:lib/net8.0/Microsoft.CodeAnalysis.CSharp.pdb:2773564	1	10.268
roslyn	overview	expand-check:lib/net8.0/Microsoft.CodeAnalysis.CSharp.dll:6523664	1	21.074
roslyn	overview	expand-check:lib/net8.0/Microsoft.CodeAnalysis.CSharp.xml:3292586	1	8.045
roslyn	overview	expand-check:Microsoft.CodeAnalysis.CSharp.nuspec:3272	1	0.014
roslyn	overview	entry-batches-wall	1	243.747
roslyn	overview	summary-serialize	1	0.936
roslyn	overview	library-scope-inspection	1	51.888
roslyn	overview	library-wire	1	0.014
roslyn	overview	library-serialize	1	0.200
roslyn	overview	summary-serialize	2	0.019
roslyn	overview	library-scope-inspection	2	42.455
roslyn	overview	library-wire	2	0.009
roslyn	overview	library-serialize	2	0.017
