scenario	state	query	sample	seconds	rows	exit	cache_mb
platform-installed	warm	JsonSerializer	1	0.16	1	0	42
platform-installed	warm	JsonSerialiser	1	0.29	5	0	42
platform-installed	warm	.Parse	1	0.98	442	0	42
platform-installed	warm	JsonSerializer	2	0.16	1	0	42
platform-installed	warm	JsonSerialiser	2	0.30	5	0	42
platform-installed	warm	.Parse	2	0.99	442	0	42
platform-installed	warm	JsonSerializer	3	0.16	1	0	42
platform-installed	warm	JsonSerialiser	3	0.30	5	0	42
platform-installed	warm	.Parse	3	0.99	442	0	42
platform-installed	warm	JsonSerializer	4	0.16	1	0	42
platform-installed	warm	JsonSerialiser	4	0.30	5	0	42
platform-installed	warm	.Parse	4	0.99	442	0	42
platform-installed	warm	JsonSerializer	5	0.16	1	0	42
platform-installed	warm	JsonSerialiser	5	0.29	5	0	42
platform-installed	warm	.Parse	5	1.02	442	0	42
platform-remote	cold	JsonSerializer	1	1.36	1	0	239
platform-remote	cold	JsonSerialiser	1	1.44	5	0	239
platform-remote	cold	.Parse	1	2.40	399	0	239
platform-remote	cold	JsonSerializer	2	1.38	1	0	239
platform-remote	cold	JsonSerialiser	2	1.48	5	0	239
platform-remote	cold	.Parse	2	2.18	399	0	239
platform-remote	cold	JsonSerializer	3	1.24	1	0	239
platform-remote	cold	JsonSerialiser	3	1.43	5	0	239
platform-remote	cold	.Parse	3	2.19	399	0	239
platform-remote	warm	JsonSerializer	1	0.16	1	0	239
platform-remote	warm	JsonSerialiser	1	0.28	5	0	239
platform-remote	warm	.Parse	1	0.98	399	0	239
platform-remote	warm	JsonSerializer	2	0.16	1	0	239
platform-remote	warm	JsonSerialiser	2	0.29	5	0	239
platform-remote	warm	.Parse	2	1.01	399	0	239
platform-remote	warm	JsonSerializer	3	0.16	1	0	239
platform-remote	warm	JsonSerialiser	3	0.29	5	0	239
platform-remote	warm	.Parse	3	1.00	399	0	239
platform-remote	warm	JsonSerializer	4	0.16	1	0	239
platform-remote	warm	JsonSerialiser	4	0.29	5	0	239
platform-remote	warm	.Parse	4	1.01	399	0	239
platform-remote	warm	JsonSerializer	5	0.16	1	0	239
platform-remote	warm	JsonSerialiser	5	0.29	5	0	239
platform-remote	warm	.Parse	5	1.02	399	0	239
package-named	cold	Button	1	0.65	2	0	45
package-named	cold	Buton	1	0.77	1	0	45
package-named	cold	.Measure	1	0.73	1	0	45
package-named	cold	Button	2	0.60	2	0	45
package-named	cold	Buton	2	0.78	1	0	45
package-named	cold	.Measure	2	0.62	1	0	45
package-named	cold	Button	3	0.68	2	0	45
package-named	cold	Buton	3	0.75	1	0	45
package-named	cold	.Measure	3	0.66	1	0	45
package-named	warm	Button	1	0.24	2	0	45
package-named	warm	Buton	1	0.35	1	0	45
package-named	warm	.Measure	1	0.29	1	0	45
package-named	warm	Button	2	0.24	2	0	45
package-named	warm	Buton	2	0.35	1	0	45
package-named	warm	.Measure	2	0.30	1	0	45
package-named	warm	Button	3	0.24	2	0	45
package-named	warm	Buton	3	0.36	1	0	45
package-named	warm	.Measure	3	0.30	1	0	45
package-named	warm	Button	4	0.24	2	0	45
package-named	warm	Buton	4	0.36	1	0	45
package-named	warm	.Measure	4	0.30	1	0	45
package-named	warm	Button	5	0.24	2	0	45
package-named	warm	Buton	5	0.35	1	0	45
package-named	warm	.Measure	5	0.30	1	0	45
